date,institution_id,syndrome_category,service_count,day_of_week,is_holiday,data_completeness,rolling_7day_avg,rolling_14day_avg
2025-01-01,inst-b,fever_flu,20,2,0,1.0,20.0,20.0
2025-01-01,inst-b,gastrointestinal,30,2,0,1.0,30.0,30.0
2025-01-01,inst-b,other,6,2,0,1.0,6.0,6.0
2025-01-01,inst-b,respiratory,16,2,0,1.0,16.0,16.0
2025-01-02,inst-b,fever_flu,29,3,0,1.0,24.5,24.5
2025-01-02,inst-b,gastrointestinal,42,3,0,1.0,36.0,36.0
2025-01-02,inst-b,other,10,3,0,1.0,8.0,8.0
2025-01-02,inst-b,respiratory,15,3,0,1.0,15.5,15.5
2025-01-03,inst-b,fever_flu,26,4,0,1.0,25.0,25.0
2025-01-03,inst-b,gastrointestinal,40,4,0,1.0,37.33,37.33
2025-01-03,inst-b,other,7,4,0,1.0,7.67,7.67
2025-01-03,inst-b,respiratory,12,4,0,1.0,14.33,14.33
2025-01-04,inst-b,fever_flu,17,5,1,1.0,23.0,23.0
2025-01-04,inst-b,gastrointestinal,37,5,1,1.0,37.25,37.25
2025-01-04,inst-b,other,10,5,1,1.0,8.25,8.25
2025-01-04,inst-b,respiratory,16,5,1,1.0,14.75,14.75
2025-01-05,inst-b,fever_flu,16,6,1,1.0,21.6,21.6
2025-01-05,inst-b,gastrointestinal,39,6,1,1.0,37.6,37.6
2025-01-05,inst-b,other,7,6,1,1.0,8.0,8.0
2025-01-05,inst-b,respiratory,16,6,1,1.0,15.0,15.0
2025-01-06,inst-b,fever_flu,29,0,0,1.0,22.83,22.83
2025-01-06,inst-b,gastrointestinal,35,0,0,1.0,37.17,37.17
2025-01-06,inst-b,other,7,0,0,1.0,7.83,7.83
2025-01-06,inst-b,respiratory,20,0,0,1.0,15.83,15.83
2025-01-07,inst-b,fever_flu,14,1,0,1.0,21.57,21.57
2025-01-07,inst-b,gastrointestinal,42,1,0,1.0,37.86,37.86
2025-01-07,inst-b,other,3,1,0,1.0,7.14,7.14
2025-01-07,inst-b,respiratory,17,1,0,1.0,16.0,16.0
2025-01-08,inst-b,fever_flu,17,2,0,1.0,21.14,21.0
2025-01-08,inst-b,gastrointestinal,43,2,0,1.0,39.71,38.5
2025-01-08,inst-b,other,15,2,0,1.0,8.43,8.12
2025-01-08,inst-b,respiratory,10,2,0,1.0,15.14,15.25
2025-01-09,inst-b,fever_flu,28,3,0,1.0,21.0,21.78
2025-01-09,inst-b,gastrointestinal,38,3,0,1.0,39.14,38.44
2025-01-09,inst-b,other,14,3,0,1.0,9.0,8.78
2025-01-09,inst-b,respiratory,14,3,0,1.0,15.0,15.11
2025-01-10,inst-b,fever_flu,25,4,0,1.0,20.86,22.1
2025-01-10,inst-b,gastrointestinal,44,4,0,1.0,39.71,39.0
2025-01-10,inst-b,other,10,4,0,1.0,9.43,8.9
2025-01-10,inst-b,respiratory,24,4,0,1.0,16.71,16.0
2025-01-11,inst-b,fever_flu,16,5,1,1.0,20.71,21.55
2025-01-11,inst-b,gastrointestinal,32,5,1,1.0,39.0,38.36
2025-01-11,inst-b,other,8,5,1,1.0,9.14,8.82
2025-01-11,inst-b,respiratory,19,5,1,1.0,17.14,16.27
2025-01-12,inst-b,fever_flu,23,6,1,1.0,21.71,21.67
2025-01-12,inst-b,gastrointestinal,33,6,1,1.0,38.14,37.92
2025-01-12,inst-b,other,11,6,1,1.0,9.71,9.0
2025-01-12,inst-b,respiratory,15,6,1,1.0,17.0,16.17
2025-01-13,inst-b,fever_flu,15,0,0,1.0,19.71,21.15
2025-01-13,inst-b,gastrointestinal,45,0,0,1.0,39.57,38.46
2025-01-13,inst-b,other,8,0,0,1.0,9.86,8.92
2025-01-13,inst-b,respiratory,17,0,0,1.0,16.57,16.23
2025-01-14,inst-b,fever_flu,19,1,0,1.0,20.43,21.0
2025-01-14,inst-b,gastrointestinal,24,1,0,1.0,37.0,37.43
2025-01-14,inst-b,other,8,1,0,1.0,10.57,8.86
2025-01-14,inst-b,respiratory,13,1,0,1.0,16.0,16.0
2025-01-15,inst-b,fever_flu,15,2,0,1.0,20.14,20.64
2025-01-15,inst-b,gastrointestinal,39,2,0,1.0,36.43,38.07
2025-01-15,inst-b,other,13,2,0,1.0,10.29,9.36
2025-01-15,inst-b,respiratory,22,2,0,1.0,17.71,16.43
2025-01-16,inst-b,fever_flu,19,3,0,1.0,18.86,19.93
2025-01-16,inst-b,gastrointestinal,39,3,0,1.0,36.57,37.86
2025-01-16,inst-b,other,5,3,0,1.0,9.0,9.0
2025-01-16,inst-b,respiratory,21,3,0,1.0,18.71,16.86
2025-01-17,inst-b,fever_flu,28,4,0,1.0,19.29,20.07
2025-01-17,inst-b,gastrointestinal,42,4,0,1.0,36.29,38.0
2025-01-17,inst-b,other,12,4,0,1.0,9.29,9.36
2025-01-17,inst-b,respiratory,14,4,0,1.0,17.29,17.0
2025-01-18,inst-b,fever_flu,20,5,1,1.0,19.86,20.29
2025-01-18,inst-b,gastrointestinal,28,5,1,1.0,35.71,37.36
2025-01-18,inst-b,other,3,5,1,1.0,8.57,8.86
2025-01-18,inst-b,respiratory,13,5,1,1.0,16.43,16.79
2025-01-19,inst-b,fever_flu,17,6,1,1.0,19.0,20.36
2025-01-19,inst-b,gastrointestinal,34,6,1,1.0,35.86,37.0
2025-01-19,inst-b,other,3,6,1,1.0,7.43,8.57
2025-01-19,inst-b,respiratory,17,6,1,1.0,16.71,16.86
2025-01-20,inst-b,fever_flu,14,0,0,1.0,18.86,19.29
2025-01-20,inst-b,gastrointestinal,32,0,0,1.0,34.0,36.79
2025-01-20,inst-b,other,0,0,0,1.0,6.29,8.07
2025-01-20,inst-b,respiratory,18,0,0,1.0,16.86,16.71
2025-01-21,inst-b,fever_flu,27,1,0,1.0,20.0,20.21
2025-01-21,inst-b,gastrointestinal,45,1,0,1.0,37.0,37.0
2025-01-21,inst-b,other,6,1,0,1.0,6.0,8.29
2025-01-21,inst-b,respiratory,15,1,0,1.0,17.14,16.57
2025-01-22,inst-b,fever_flu,14,2,0,1.0,19.86,20.0
2025-01-22,inst-b,gastrointestinal,37,2,0,1.0,36.71,36.57
2025-01-22,inst-b,other,8,2,0,1.0,5.29,7.79
2025-01-22,inst-b,respiratory,13,2,0,1.0,15.86,16.79
2025-01-23,inst-b,fever_flu,19,3,0,1.0,19.86,19.36
2025-01-23,inst-b,gastrointestinal,42,3,0,1.0,37.14,36.86
2025-01-23,inst-b,other,7,3,0,1.0,5.57,7.29
2025-01-23,inst-b,respiratory,19,3,0,1.0,15.57,17.14
2025-01-24,inst-b,fever_flu,18,4,0,1.0,18.43,18.86
2025-01-24,inst-b,gastrointestinal,29,4,0,1.0,35.29,35.79
2025-01-24,inst-b,other,9,4,0,1.0,5.14,7.21
2025-01-24,inst-b,respiratory,12,4,0,1.0,15.29,16.29
2025-01-25,inst-b,fever_flu,25,5,1,1.0,19.14,19.5
2025-01-25,inst-b,gastrointestinal,29,5,1,1.0,35.43,35.57
2025-01-25,inst-b,other,7,5,1,1.0,5.71,7.14
2025-01-25,inst-b,respiratory,19,5,1,1.0,16.14,16.29
2025-01-26,inst-b,fever_flu,8,6,1,1.0,17.86,18.43
2025-01-26,inst-b,gastrointestinal,29,6,1,1.0,34.71,35.29
2025-01-26,inst-b,other,10,6,1,1.0,6.71,7.07
2025-01-26,inst-b,respiratory,15,6,1,1.0,15.86,16.29
2025-01-27,inst-b,fever_flu,19,0,0,1.0,18.57,18.71
2025-01-27,inst-b,gastrointestinal,33,0,0,1.0,34.86,34.43
2025-01-27,inst-b,other,9,0,0,1.0,8.0,7.14
2025-01-27,inst-b,respiratory,18,0,0,1.0,15.86,16.36
2025-01-28,inst-b,fever_flu,22,1,0,1.0,17.86,18.93
2025-01-28,inst-b,gastrointestinal,30,1,0,1.0,32.71,34.86
2025-01-28,inst-b,other,4,1,0,1.0,7.71,6.86
2025-01-28,inst-b,respiratory,9,1,0,1.0,15.0,16.07
2025-01-29,inst-b,fever_flu,20,2,0,1.0,18.71,19.29
2025-01-29,inst-b,gastrointestinal,24,2,0,1.0,30.86,33.79
2025-01-29,inst-b,other,7,2,0,1.0,7.57,6.43
2025-01-29,inst-b,respiratory,16,2,0,1.0,15.43,15.64
2025-01-30,inst-b,fever_flu,16,3,0,1.0,18.29,19.07
2025-01-30,inst-b,gastrointestinal,41,3,0,1.0,30.71,33.93
2025-01-30,inst-b,other,5,3,0,1.0,7.29,6.43
2025-01-30,inst-b,respiratory,9,3,0,1.0,14.0,14.79
2025-01-31,inst-b,fever_flu,14,4,0,1.0,17.71,18.07
2025-01-31,inst-b,gastrointestinal,40,4,0,1.0,32.29,33.79
2025-01-31,inst-b,other,8,4,0,1.0,7.14,6.14
2025-01-31,inst-b,respiratory,16,4,0,1.0,14.57,14.93
2025-02-01,inst-b,fever_flu,19,5,1,1.0,16.86,18.0
2025-02-01,inst-b,gastrointestinal,37,5,1,1.0,33.43,34.43
2025-02-01,inst-b,other,6,5,1,1.0,7.0,6.36
2025-02-01,inst-b,respiratory,16,5,1,1.0,14.14,15.14
2025-02-02,inst-b,fever_flu,13,6,1,1.0,17.57,17.71
2025-02-02,inst-b,gastrointestinal,33,6,1,1.0,34.0,34.36
2025-02-02,inst-b,other,0,6,1,1.0,5.57,6.14
2025-02-02,inst-b,respiratory,11,6,1,1.0,13.57,14.71
2025-02-03,inst-b,fever_flu,8,0,0,1.0,16.0,17.29
2025-02-03,inst-b,gastrointestinal,39,0,0,1.0,34.86,34.86
2025-02-03,inst-b,other,5,0,0,1.0,5.0,6.5
2025-02-03,inst-b,respiratory,17,0,0,1.0,13.43,14.64
2025-02-04,inst-b,fever_flu,18,1,0,1.0,15.43,16.64
2025-02-04,inst-b,gastrointestinal,45,1,0,1.0,37.0,34.86
2025-02-04,inst-b,other,5,1,0,1.0,5.14,6.43
2025-02-04,inst-b,respiratory,17,1,0,1.0,14.57,14.79
2025-02-05,inst-b,fever_flu,15,2,0,1.0,14.71,16.71
2025-02-05,inst-b,gastrointestinal,40,2,0,1.0,39.29,35.07
2025-02-05,inst-b,other,5,2,0,1.0,4.86,6.21
2025-02-05,inst-b,respiratory,13,2,0,1.0,14.14,14.79
2025-02-06,inst-b,fever_flu,19,3,0,1.0,15.14,16.71
2025-02-06,inst-b,gastrointestinal,27,3,0,1.0,37.29,34.0
2025-02-06,inst-b,other,12,3,0,1.0,5.86,6.57
2025-02-06,inst-b,respiratory,13,3,0,1.0,14.71,14.36
2025-02-07,inst-b,fever_flu,17,4,0,1.0,15.57,16.64
2025-02-07,inst-b,gastrointestinal,31,4,0,1.0,36.0,34.14
2025-02-07,inst-b,other,3,4,0,1.0,5.14,6.14
2025-02-07,inst-b,respiratory,16,4,0,1.0,14.71,14.64
2025-02-08,inst-b,fever_flu,17,5,1,1.0,15.29,16.07
2025-02-08,inst-b,gastrointestinal,31,5,1,1.0,35.14,34.29
2025-02-08,inst-b,other,16,5,1,1.0,6.57,6.79
2025-02-08,inst-b,respiratory,18,5,1,1.0,15.0,14.57
2025-02-09,inst-b,fever_flu,16,6,1,1.0,15.71,16.64
2025-02-09,inst-b,gastrointestinal,27,6,1,1.0,34.29,34.14
2025-02-09,inst-b,other,10,6,1,1.0,8.0,6.79
2025-02-09,inst-b,respiratory,15,6,1,1.0,15.57,14.57
2025-02-10,inst-b,fever_flu,22,0,0,1.0,17.71,16.86
2025-02-10,inst-b,gastrointestinal,24,0,0,1.0,32.14,33.5
2025-02-10,inst-b,other,5,0,0,1.0,8.0,6.5
2025-02-10,inst-b,respiratory,15,0,0,1.0,15.29,14.36
2025-02-11,inst-b,fever_flu,16,1,0,1.0,17.43,16.43
2025-02-11,inst-b,gastrointestinal,38,1,0,1.0,31.14,34.07
2025-02-11,inst-b,other,11,1,0,1.0,8.86,7.0
2025-02-11,inst-b,respiratory,22,1,0,1.0,16.0,15.29
2025-02-12,inst-b,fever_flu,19,2,0,1.0,18.0,16.36
2025-02-12,inst-b,gastrointestinal,36,2,0,1.0,30.57,34.93
2025-02-12,inst-b,other,4,2,0,1.0,8.71,6.79
2025-02-12,inst-b,respiratory,14,2,0,1.0,16.14,15.14
2025-02-13,inst-b,fever_flu,16,3,0,1.0,17.57,16.36
2025-02-13,inst-b,gastrointestinal,38,3,0,1.0,32.14,34.71
2025-02-13,inst-b,other,6,3,0,1.0,7.86,6.86
2025-02-13,inst-b,respiratory,12,3,0,1.0,16.0,15.36
2025-02-14,inst-b,fever_flu,27,4,0,1.0,19.0,17.29
2025-02-14,inst-b,gastrointestinal,34,4,0,1.0,32.57,34.29
2025-02-14,inst-b,other,4,4,0,1.0,8.0,6.57
2025-02-14,inst-b,respiratory,10,4,0,1.0,15.14,14.93
2025-02-15,inst-b,fever_flu,17,5,1,1.0,19.0,17.14
2025-02-15,inst-b,gastrointestinal,39,5,1,1.0,33.71,34.43
2025-02-15,inst-b,other,8,5,1,1.0,6.86,6.71
2025-02-15,inst-b,respiratory,14,5,1,1.0,14.57,14.79
2025-02-16,inst-b,fever_flu,16,6,1,1.0,19.0,17.36
2025-02-16,inst-b,gastrointestinal,33,6,1,1.0,34.57,34.43
2025-02-16,inst-b,other,10,6,1,1.0,6.86,7.43
2025-02-16,inst-b,respiratory,9,6,1,1.0,13.71,14.64
2025-02-17,inst-b,fever_flu,20,0,0,1.0,18.71,18.21
2025-02-17,inst-b,gastrointestinal,47,0,0,1.0,37.86,35.0
2025-02-17,inst-b,other,8,0,0,1.0,7.29,7.64
2025-02-17,inst-b,respiratory,19,0,0,1.0,14.29,14.79
2025-02-18,inst-b,fever_flu,19,1,0,1.0,19.14,18.29
2025-02-18,inst-b,gastrointestinal,29,1,0,1.0,36.57,33.86
2025-02-18,inst-b,other,6,1,0,1.0,6.57,7.71
2025-02-18,inst-b,respiratory,15,1,0,1.0,13.29,14.64
2025-02-19,inst-b,fever_flu,12,2,0,1.0,18.14,18.07
2025-02-19,inst-b,gastrointestinal,38,2,0,1.0,36.86,33.71
2025-02-19,inst-b,other,10,2,0,1.0,7.43,8.07
2025-02-19,inst-b,respiratory,14,2,0,1.0,13.29,14.71
2025-02-20,inst-b,fever_flu,8,3,0,1.0,17.0,17.29
2025-02-20,inst-b,gastrointestinal,31,3,0,1.0,35.86,34.0
2025-02-20,inst-b,other,5,3,0,1.0,7.29,7.57
2025-02-20,inst-b,respiratory,19,3,0,1.0,14.29,15.14
2025-02-21,inst-b,fever_flu,13,4,0,1.0,15.0,17.0
2025-02-21,inst-b,gastrointestinal,30,4,0,1.0,35.29,33.93
2025-02-21,inst-b,other,5,4,0,1.0,7.43,7.71
2025-02-21,inst-b,respiratory,19,4,0,1.0,15.57,15.36
2025-02-22,inst-b,fever_flu,16,5,1,1.0,14.86,16.93
2025-02-22,inst-b,gastrointestinal,34,5,1,1.0,34.57,34.14
2025-02-22,inst-b,other,6,5,1,1.0,7.14,7.0
2025-02-22,inst-b,respiratory,17,5,1,1.0,16.0,15.29
2025-02-23,inst-b,fever_flu,24,6,1,1.0,16.0,17.5
2025-02-23,inst-b,gastrointestinal,25,6,1,1.0,33.43,34.0
2025-02-23,inst-b,other,6,6,1,1.0,6.57,6.71
2025-02-23,inst-b,respiratory,12,6,1,1.0,16.43,15.07
2025-02-24,inst-b,fever_flu,22,0,0,1.0,16.29,17.5
2025-02-24,inst-b,gastrointestinal,40,0,0,1.0,32.43,35.14
2025-02-24,inst-b,other,6,0,0,1.0,6.29,6.79
2025-02-24,inst-b,respiratory,19,0,0,1.0,16.43,15.36
2025-02-25,inst-b,fever_flu,13,1,0,1.0,15.43,17.29
2025-02-25,inst-b,gastrointestinal,30,1,0,1.0,32.57,34.57
2025-02-25,inst-b,other,8,1,0,1.0,6.57,6.57
2025-02-25,inst-b,respiratory,15,1,0,1.0,16.43,14.86
2025-02-26,inst-b,fever_flu,14,2,0,1.0,15.71,16.93
2025-02-26,inst-b,gastrointestinal,37,2,0,1.0,32.43,34.64
2025-02-26,inst-b,other,7,2,0,1.0,6.14,6.79
2025-02-26,inst-b,respiratory,8,2,0,1.0,15.57,14.43
2025-02-27,inst-b,fever_flu,20,3,0,1.0,17.43,17.21
2025-02-27,inst-b,gastrointestinal,29,3,0,1.0,32.14,34.0
2025-02-27,inst-b,other,5,3,0,1.0,6.14,6.71
2025-02-27,inst-b,respiratory,15,3,0,1.0,15.0,14.64
2025-02-28,inst-b,fever_flu,17,4,0,1.0,18.0,16.5
2025-02-28,inst-b,gastrointestinal,22,4,0,1.0,31.0,33.14
2025-02-28,inst-b,other,12,4,0,1.0,7.14,7.29
2025-02-28,inst-b,respiratory,17,4,0,1.0,14.71,15.14
2025-03-01,inst-b,fever_flu,19,5,1,1.0,18.43,16.64
2025-03-01,inst-b,gastrointestinal,26,5,1,1.0,29.86,32.21
2025-03-01,inst-b,other,7,5,1,1.0,7.29,7.21
2025-03-01,inst-b,respiratory,9,5,1,1.0,13.57,14.79
2025-03-02,inst-b,fever_flu,19,6,1,1.0,17.71,16.86
2025-03-02,inst-b,gastrointestinal,33,6,1,1.0,31.0,32.21
2025-03-02,inst-b,other,10,6,1,1.0,7.86,7.21
2025-03-02,inst-b,respiratory,15,6,1,1.0,14.0,15.21
2025-03-03,inst-b,fever_flu,20,0,0,1.0,17.43,16.86
2025-03-03,inst-b,gastrointestinal,29,0,0,1.0,29.43,30.93
2025-03-03,inst-b,other,12,0,0,1.0,8.71,7.5
2025-03-03,inst-b,respiratory,15,0,0,1.0,13.43,14.93
2025-03-04,inst-b,fever_flu,21,1,0,1.0,18.57,17.0
2025-03-04,inst-b,gastrointestinal,24,1,0,1.0,28.57,30.57
2025-03-04,inst-b,other,6,1,0,1.0,8.43,7.5
2025-03-04,inst-b,respiratory,13,1,0,1.0,13.14,14.79
2025-03-05,inst-b,fever_flu,14,2,0,1.0,18.57,17.14
2025-03-05,inst-b,gastrointestinal,34,2,0,1.0,28.14,30.29
2025-03-05,inst-b,other,6,2,0,1.0,8.29,7.21
2025-03-05,inst-b,respiratory,4,2,0,1.0,12.57,14.07
2025-03-06,inst-b,fever_flu,20,3,0,1.0,18.57,18.0
2025-03-06,inst-b,gastrointestinal,31,3,0,1.0,28.43,30.29
2025-03-06,inst-b,other,5,3,0,1.0,8.29,7.21
2025-03-06,inst-b,respiratory,15,3,0,1.0,12.57,13.79
2025-03-07,inst-b,fever_flu,20,4,0,1.0,19.0,18.5
2025-03-07,inst-b,gastrointestinal,28,4,0,1.0,29.29,30.14
2025-03-07,inst-b,other,8,4,0,1.0,7.71,7.43
2025-03-07,inst-b,respiratory,15,4,0,1.0,12.29,13.5
2025-03-08,inst-b,fever_flu,14,5,1,1.0,18.29,18.36
2025-03-08,inst-b,gastrointestinal,36,5,1,1.0,30.71,30.29
2025-03-08,inst-b,other,9,5,1,1.0,8.0,7.64
2025-03-08,inst-b,respiratory,9,5,1,1.0,12.29,12.93
2025-03-09,inst-b,fever_flu,15,6,1,1.0,17.71,17.71
2025-03-09,inst-b,gastrointestinal,40,6,1,1.0,31.71,31.36
2025-03-09,inst-b,other,5,6,1,1.0,7.29,7.57
2025-03-09,inst-b,respiratory,14,6,1,1.0,12.14,13.07
2025-03-10,inst-b,fever_flu,20,0,0,1.0,17.71,17.57
2025-03-10,inst-b,gastrointestinal,28,0,0,1.0,31.57,30.5
2025-03-10,inst-b,other,2,0,0,1.0,5.86,7.29
2025-03-10,inst-b,respiratory,13,0,0,1.0,11.86,12.64
2025-03-11,inst-b,fever_flu,21,1,0,1.0,17.71,18.14
2025-03-11,inst-b,gastrointestinal,23,1,0,1.0,31.43,30.0
2025-03-11,inst-b,other,11,1,0,1.0,6.57,7.5
2025-03-11,inst-b,respiratory,9,1,0,1.0,11.29,12.21
2025-03-12,inst-b,fever_flu,16,2,0,1.0,18.0,18.29
2025-03-12,inst-b,gastrointestinal,28,2,0,1.0,30.57,29.36
2025-03-12,inst-b,other,10,2,0,1.0,7.14,7.71
2025-03-12,inst-b,respiratory,12,2,0,1.0,12.43,12.5
2025-03-13,inst-b,fever_flu,21,3,0,1.0,18.14,18.36
2025-03-13,inst-b,gastrointestinal,31,3,0,1.0,30.57,29.5
2025-03-13,inst-b,other,8,3,0,1.0,7.57,7.93
2025-03-13,inst-b,respiratory,10,3,0,1.0,11.71,12.14
2025-03-14,inst-b,fever_flu,4,4,0,1.0,15.86,17.43
2025-03-14,inst-b,gastrointestinal,35,4,0,1.0,31.57,30.43
2025-03-14,inst-b,other,8,4,0,1.0,7.57,7.64
2025-03-14,inst-b,respiratory,14,4,0,1.0,11.57,11.93
2025-03-15,inst-b,fever_flu,18,5,1,1.0,16.43,17.36
2025-03-15,inst-b,gastrointestinal,18,5,1,1.0,29.0,29.86
2025-03-15,inst-b,other,10,5,1,1.0,7.71,7.86
2025-03-15,inst-b,respiratory,10,5,1,1.0,11.71,12.0
2025-03-16,inst-b,fever_flu,23,6,1,1.0,17.57,17.64
2025-03-16,inst-b,gastrointestinal,35,6,1,1.0,28.29,30.0
2025-03-16,inst-b,other,10,6,1,1.0,8.43,7.86
2025-03-16,inst-b,respiratory,12,6,1,1.0,11.43,11.79
2025-03-17,inst-b,fever_flu,17,0,0,1.0,17.14,17.43
2025-03-17,inst-b,gastrointestinal,34,0,0,1.0,29.14,30.36
2025-03-17,inst-b,other,2,0,0,1.0,8.43,7.14
2025-03-17,inst-b,respiratory,20,0,0,1.0,12.43,12.14
2025-03-18,inst-b,fever_flu,26,1,0,1.0,17.86,17.79
2025-03-18,inst-b,gastrointestinal,24,1,0,1.0,29.29,30.36
2025-03-18,inst-b,other,6,1,0,1.0,7.71,7.14
2025-03-18,inst-b,respiratory,12,1,0,1.0,12.86,12.07
2025-03-19,inst-b,fever_flu,16,2,0,1.0,17.86,17.93
2025-03-19,inst-b,gastrointestinal,32,2,0,1.0,29.86,30.21
2025-03-19,inst-b,other,11,2,0,1.0,7.86,7.5
2025-03-19,inst-b,respiratory,13,2,0,1.0,13.0,12.71
2025-03-20,inst-b,fever_flu,13,3,0,1.0,16.71,17.43
2025-03-20,inst-b,gastrointestinal,31,3,0,1.0,29.86,30.21
2025-03-20,inst-b,other,3,3,0,1.0,7.14,7.36
2025-03-20,inst-b,respiratory,11,3,0,1.0,13.14,12.43
2025-03-21,inst-b,fever_flu,14,4,0,1.0,18.14,17.0
2025-03-21,inst-b,gastrointestinal,29,4,0,1.0,29.0,30.29
2025-03-21,inst-b,other,4,4,0,1.0,6.57,7.07
2025-03-21,inst-b,respiratory,10,4,0,1.0,12.57,12.07
2025-03-22,inst-b,fever_flu,9,5,1,1.0,16.86,16.64
2025-03-22,inst-b,gastrointestinal,28,5,1,1.0,30.43,29.71
2025-03-22,inst-b,other,9,5,1,1.0,6.43,7.07
2025-03-22,inst-b,respiratory,7,5,1,1.0,12.14,11.93
2025-03-23,inst-b,fever_flu,14,6,1,1.0,15.57,16.57
2025-03-23,inst-b,gastrointestinal,20,6,1,1.0,28.29,28.29
2025-03-23,inst-b,other,4,6,1,1.0,5.57,7.0
2025-03-23,inst-b,respiratory,13,6,1,1.0,12.29,11.86
2025-03-24,inst-b,fever_flu,8,0,0,1.0,14.29,15.71
2025-03-24,inst-b,gastrointestinal,38,0,0,1.0,28.86,29.0
2025-03-24,inst-b,other,7,0,0,1.0,6.29,7.36
2025-03-24,inst-b,respiratory,14,0,0,1.0,11.43,11.93
2025-03-25,inst-b,fever_flu,17,1,0,1.0,13.0,15.43
2025-03-25,inst-b,gastrointestinal,33,1,0,1.0,30.14,29.71
2025-03-25,inst-b,other,4,1,0,1.0,6.0,6.86
2025-03-25,inst-b,respiratory,12,1,0,1.0,11.43,12.14
2025-03-26,inst-b,fever_flu,21,2,0,1.0,13.71,15.79
2025-03-26,inst-b,gastrointestinal,23,2,0,1.0,28.86,29.36
2025-03-26,inst-b,other,6,2,0,1.0,5.29,6.57
2025-03-26,inst-b,respiratory,11,2,0,1.0,11.14,12.07
2025-03-27,inst-b,fever_flu,13,3,0,1.0,13.71,15.21
2025-03-27,inst-b,gastrointestinal,29,3,0,1.0,28.57,29.21
2025-03-27,inst-b,other,2,3,0,1.0,5.14,6.14
2025-03-27,inst-b,respiratory,21,3,0,1.0,12.57,12.86
2025-03-28,inst-b,fever_flu,17,4,0,1.0,14.14,16.14
2025-03-28,inst-b,gastrointestinal,19,4,0,1.0,27.14,28.07
2025-03-28,inst-b,other,8,4,0,1.0,5.71,6.14
2025-03-28,inst-b,respiratory,6,4,0,1.0,12.0,12.29
2025-03-29,inst-b,fever_flu,14,5,1,1.0,14.86,15.86
2025-03-29,inst-b,gastrointestinal,34,5,1,1.0,28.0,29.21
2025-03-29,inst-b,other,7,5,1,1.0,5.43,5.93
2025-03-29,inst-b,respiratory,6,5,1,1.0,11.86,12.0
2025-03-30,inst-b,fever_flu,15,6,1,1.0,15.0,15.29
2025-03-30,inst-b,gastrointestinal,34,6,1,1.0,30.0,29.14
2025-03-30,inst-b,other,4,6,1,1.0,5.43,5.5
2025-03-30,inst-b,respiratory,19,6,1,1.0,12.71,12.5
2025-03-31,inst-b,fever_flu,15,0,0,1.0,16.0,15.14
2025-03-31,inst-b,gastrointestinal,25,0,0,1.0,28.14,28.5
2025-03-31,inst-b,other,4,0,0,1.0,5.0,5.64
2025-03-31,inst-b,respiratory,4,0,0,1.0,11.29,11.36
2025-04-01,inst-b,fever_flu,15,1,0,1.0,15.71,14.36
2025-04-01,inst-b,gastrointestinal,29,1,0,1.0,27.57,28.86
2025-04-01,inst-b,other,5,1,0,1.0,5.14,5.57
2025-04-01,inst-b,respiratory,12,1,0,1.0,11.29,11.36
2025-04-02,inst-b,fever_flu,11,2,0,1.0,14.29,14.0
2025-04-02,inst-b,gastrointestinal,31,2,0,1.0,28.71,28.79
2025-04-02,inst-b,other,10,2,0,1.0,5.71,5.5
2025-04-02,inst-b,respiratory,13,2,0,1.0,11.57,11.36
2025-04-03,inst-b,fever_flu,20,3,0,1.0,15.29,14.5
2025-04-03,inst-b,gastrointestinal,30,3,0,1.0,28.86,28.71
2025-04-03,inst-b,other,7,3,0,1.0,6.43,5.79
2025-04-03,inst-b,respiratory,13,3,0,1.0,10.43,11.5
2025-04-04,inst-b,fever_flu,13,4,0,1.0,14.71,14.43
2025-04-04,inst-b,gastrointestinal,31,4,0,1.0,30.57,28.86
2025-04-04,inst-b,other,7,4,0,1.0,6.29,6.0
2025-04-04,inst-b,respiratory,17,4,0,1.0,12.0,12.0
2025-04-05,inst-b,fever_flu,16,5,1,1.0,15.0,14.93
2025-04-05,inst-b,gastrointestinal,29,5,1,1.0,29.86,28.93
2025-04-05,inst-b,other,6,5,1,1.0,6.14,5.79
2025-04-05,inst-b,respiratory,8,5,1,1.0,12.29,12.07
2025-04-06,inst-b,fever_flu,13,6,1,1.0,14.71,14.86
2025-04-06,inst-b,gastrointestinal,17,6,1,1.0,27.43,28.71
2025-04-06,inst-b,other,7,6,1,1.0,6.57,6.0
2025-04-06,inst-b,respiratory,12,6,1,1.0,11.29,12.0
2025-04-07,inst-b,fever_flu,22,0,0,1.0,15.71,15.86
2025-04-07,inst-b,gastrointestinal,23,0,0,1.0,27.14,27.64
2025-04-07,inst-b,other,4,0,0,1.0,6.57,5.79
2025-04-07,inst-b,respiratory,14,0,0,1.0,12.71,12.0
2025-04-08,inst-b,fever_flu,13,1,0,1.0,15.43,15.57
2025-04-08,inst-b,gastrointestinal,32,1,0,1.0,27.57,27.57
2025-04-08,inst-b,other,11,1,0,1.0,7.43,6.29
2025-04-08,inst-b,respiratory,17,1,0,1.0,13.43,12.36
2025-04-09,inst-b,fever_flu,20,2,0,1.0,16.71,15.5
2025-04-09,inst-b,gastrointestinal,34,2,0,1.0,28.0,28.36
2025-04-09,inst-b,other,4,2,0,1.0,6.57,6.14
2025-04-09,inst-b,respiratory,8,2,0,1.0,12.71,12.14
2025-04-10,inst-b,fever_flu,18,3,0,1.0,16.43,15.86
2025-04-10,inst-b,gastrointestinal,28,3,0,1.0,27.71,28.29
2025-04-10,inst-b,other,7,3,0,1.0,6.57,6.5
2025-04-10,inst-b,respiratory,19,3,0,1.0,13.57,12.0
2025-04-11,inst-b,fever_flu,20,4,0,1.0,17.43,16.07
2025-04-11,inst-b,gastrointestinal,34,4,0,1.0,28.14,29.36
2025-04-11,inst-b,other,1,4,0,1.0,5.71,6.0
2025-04-11,inst-b,respiratory,12,4,0,1.0,12.86,12.43
2025-04-12,inst-b,fever_flu,21,5,1,1.0,18.14,16.57
2025-04-12,inst-b,gastrointestinal,19,5,1,1.0,26.71,28.29
2025-04-12,inst-b,other,10,5,1,1.0,6.29,6.21
2025-04-12,inst-b,respiratory,18,5,1,1.0,14.29,13.29
2025-04-13,inst-b,fever_flu,11,6,1,1.0,17.86,16.29
2025-04-13,inst-b,gastrointestinal,26,6,1,1.0,28.0,27.71
2025-04-13,inst-b,other,6,6,1,1.0,6.14,6.36
2025-04-13,inst-b,respiratory,8,6,1,1.0,13.71,12.5
2025-04-14,inst-b,fever_flu,22,0,0,1.0,17.86,16.79
2025-04-14,inst-b,gastrointestinal,34,0,0,1.0,29.57,28.36
2025-04-14,inst-b,other,11,0,0,1.0,7.14,6.86
2025-04-14,inst-b,respiratory,12,0,0,1.0,13.43,13.07
2025-04-15,inst-b,fever_flu,9,1,0,1.0,17.29,16.36
2025-04-15,inst-b,gastrointestinal,28,1,0,1.0,29.0,28.29
2025-04-15,inst-b,other,4,1,0,1.0,6.14,6.79
2025-04-15,inst-b,respiratory,11,1,0,1.0,12.57,13.0
2025-04-16,inst-b,fever_flu,10,2,0,1.0,15.86,16.29
2025-04-16,inst-b,gastrointestinal,38,2,0,1.0,29.57,28.79
2025-04-16,inst-b,other,5,2,0,1.0,6.29,6.43
2025-04-16,inst-b,respiratory,17,2,0,1.0,13.86,13.29
2025-04-17,inst-b,fever_flu,13,3,0,1.0,15.14,15.79
2025-04-17,inst-b,gastrointestinal,32,3,0,1.0,30.14,28.93
2025-04-17,inst-b,other,8,3,0,1.0,6.43,6.5
2025-04-17,inst-b,respiratory,13,3,0,1.0,13.0,13.29
2025-04-18,inst-b,fever_flu,19,4,0,1.0,15.0,16.21
2025-04-18,inst-b,gastrointestinal,29,4,0,1.0,29.43,28.79
2025-04-18,inst-b,other,7,4,0,1.0,7.29,6.5
2025-04-18,inst-b,respiratory,11,4,0,1.0,12.86,12.86
2025-04-19,inst-b,fever_flu,16,5,1,1.0,14.29,16.21
2025-04-19,inst-b,gastrointestinal,28,5,1,1.0,30.71,28.71
2025-04-19,inst-b,other,5,5,1,1.0,6.57,6.43
2025-04-19,inst-b,respiratory,11,5,1,1.0,11.86,13.07
2025-04-20,inst-b,fever_flu,19,6,1,1.0,15.43,16.64
2025-04-20,inst-b,gastrointestinal,39,6,1,1.0,32.57,30.29
2025-04-20,inst-b,other,6,6,1,1.0,6.57,6.36
2025-04-20,inst-b,respiratory,12,6,1,1.0,12.43,13.07
2025-04-21,inst-b,fever_flu,22,0,0,1.0,15.43,16.64
2025-04-21,inst-b,gastrointestinal,28,0,0,1.0,31.71,30.64
2025-04-21,inst-b,other,8,0,0,1.0,6.14,6.64
2025-04-21,inst-b,respiratory,16,0,0,1.0,13.0,13.21
2025-04-22,inst-b,fever_flu,9,1,0,1.0,15.43,16.36
2025-04-22,inst-b,gastrointestinal,32,1,0,1.0,32.29,30.64
2025-04-22,inst-b,other,3,1,0,1.0,6.0,6.07
2025-04-22,inst-b,respiratory,13,1,0,1.0,13.29,12.93
2025-04-23,inst-b,fever_flu,24,2,0,1.0,17.43,16.64
2025-04-23,inst-b,gastrointestinal,30,2,0,1.0,31.14,30.36
2025-04-23,inst-b,other,13,2,0,1.0,7.14,6.71
2025-04-23,inst-b,respiratory,8,2,0,1.0,12.0,12.93
2025-04-24,inst-b,fever_flu,9,3,0,1.0,16.86,16.0
2025-04-24,inst-b,gastrointestinal,33,3,0,1.0,31.29,30.71
2025-04-24,inst-b,other,5,3,0,1.0,6.71,6.57
2025-04-24,inst-b,respiratory,16,3,0,1.0,12.43,12.71
2025-04-25,inst-b,fever_flu,16,4,0,1.0,16.43,15.71
2025-04-25,inst-b,gastrointestinal,26,4,0,1.0,30.86,30.14
2025-04-25,inst-b,other,5,4,0,1.0,6.43,6.86
2025-04-25,inst-b,respiratory,10,4,0,1.0,12.29,12.57
2025-04-26,inst-b,fever_flu,12,5,1,1.0,15.86,15.07
2025-04-26,inst-b,gastrointestinal,34,5,1,1.0,31.71,31.21
2025-04-26,inst-b,other,7,5,1,1.0,6.71,6.64
2025-04-26,inst-b,respiratory,5,5,1,1.0,11.43,11.64
2025-04-27,inst-b,fever_flu,5,6,1,1.0,13.86,14.64
2025-04-27,inst-b,gastrointestinal,24,6,1,1.0,29.57,31.07
2025-04-27,inst-b,other,6,6,1,1.0,6.71,6.64
2025-04-27,inst-b,respiratory,22,6,1,1.0,12.86,12.64
2025-04-28,inst-b,fever_flu,12,0,0,1.0,12.43,13.93
2025-04-28,inst-b,gastrointestinal,42,0,0,1.0,31.57,31.64
2025-04-28,inst-b,other,8,0,0,1.0,6.71,6.43
2025-04-28,inst-b,respiratory,18,0,0,1.0,13.14,13.07
2025-04-29,inst-b,fever_flu,29,1,0,1.0,15.29,15.36
2025-04-29,inst-b,gastrointestinal,30,1,0,1.0,31.29,31.79
2025-04-29,inst-b,other,2,1,0,1.0,6.57,6.29
2025-04-29,inst-b,respiratory,12,1,0,1.0,13.0,13.14
2025-04-30,inst-b,fever_flu,21,2,0,1.0,14.86,16.14
2025-04-30,inst-b,gastrointestinal,32,2,0,1.0,31.57,31.36
2025-04-30,inst-b,other,7,2,0,1.0,5.71,6.43
2025-04-30,inst-b,respiratory,14,2,0,1.0,13.86,12.93
2025-05-01,inst-b,fever_flu,18,3,0,1.0,16.14,16.5
2025-05-01,inst-b,gastrointestinal,29,3,0,1.0,31.0,31.14
2025-05-01,inst-b,other,6,3,0,1.0,5.86,6.29
2025-05-01,inst-b,respiratory,15,3,0,1.0,13.71,13.07
2025-05-02,inst-b,fever_flu,19,4,0,1.0,16.57,16.5
2025-05-02,inst-b,gastrointestinal,28,4,0,1.0,31.29,31.07
2025-05-02,inst-b,other,7,4,0,1.0,6.14,6.29
2025-05-02,inst-b,respiratory,16,4,0,1.0,14.57,13.43
2025-05-03,inst-b,fever_flu,9,5,1,1.0,16.14,16.0
2025-05-03,inst-b,gastrointestinal,30,5,1,1.0,30.71,31.21
2025-05-03,inst-b,other,10,5,1,1.0,6.57,6.64
2025-05-03,inst-b,respiratory,18,5,1,1.0,16.43,13.93
2025-05-04,inst-b,fever_flu,14,6,1,1.0,17.43,15.64
2025-05-04,inst-b,gastrointestinal,26,6,1,1.0,31.0,30.29
2025-05-04,inst-b,other,11,6,1,1.0,7.29,7.0
2025-05-04,inst-b,respiratory,10,6,1,1.0,14.71,13.79
2025-05-05,inst-b,fever_flu,22,0,0,1.0,18.86,15.64
2025-05-05,inst-b,gastrointestinal,50,0,0,1.0,32.14,31.86
2025-05-05,inst-b,other,8,0,0,1.0,7.29,7.0
2025-05-05,inst-b,respiratory,5,0,0,1.0,12.86,13.0
2025-05-06,inst-b,fever_flu,19,1,0,1.0,17.43,16.36
2025-05-06,inst-b,gastrointestinal,33,1,0,1.0,32.57,31.93
2025-05-06,inst-b,other,9,1,0,1.0,8.29,7.43
2025-05-06,inst-b,respiratory,13,1,0,1.0,13.0,13.0
2025-05-07,inst-b,fever_flu,16,2,0,1.0,16.71,15.79
2025-05-07,inst-b,gastrointestinal,31,2,0,1.0,32.43,32.0
2025-05-07,inst-b,other,6,2,0,1.0,8.14,6.93
2025-05-07,inst-b,respiratory,16,2,0,1.0,13.29,13.57
2025-05-08,inst-b,fever_flu,20,3,0,1.0,17.0,16.57
2025-05-08,inst-b,gastrointestinal,38,3,0,1.0,33.71,32.36
2025-05-08,inst-b,other,0,3,0,1.0,7.29,6.57
2025-05-08,inst-b,respiratory,13,3,0,1.0,13.0,13.36
2025-05-09,inst-b,fever_flu,17,4,0,1.0,16.71,16.64
2025-05-09,inst-b,gastrointestinal,32,4,0,1.0,34.29,32.79
2025-05-09,inst-b,other,6,4,0,1.0,7.14,6.64
2025-05-09,inst-b,respiratory,16,4,0,1.0,13.0,13.79
2025-05-10,inst-b,fever_flu,14,5,1,1.0,17.43,16.79
2025-05-10,inst-b,gastrointestinal,37,5,1,1.0,35.29,33.0
2025-05-10,inst-b,other,8,5,1,1.0,6.86,6.71
2025-05-10,inst-b,respiratory,18,5,1,1.0,13.0,14.71
2025-05-11,inst-b,fever_flu,14,6,1,1.0,17.43,17.43
2025-05-11,inst-b,gastrointestinal,23,6,1,1.0,34.86,32.93
2025-05-11,inst-b,other,9,6,1,1.0,6.57,6.93
2025-05-11,inst-b,respiratory,10,6,1,1.0,13.0,13.86
2025-05-12,inst-b,fever_flu,21,0,0,1.0,17.29,18.07
2025-05-12,inst-b,gastrointestinal,35,0,0,1.0,32.71,32.43
2025-05-12,inst-b,other,9,0,0,1.0,6.71,7.0
2025-05-12,inst-b,respiratory,18,0,0,1.0,14.86,13.86
2025-05-13,inst-b,fever_flu,21,1,0,1.0,17.57,17.5
2025-05-13,inst-b,gastrointestinal,34,1,0,1.0,32.86,32.71
2025-05-13,inst-b,other,9,1,0,1.0,6.71,7.5
2025-05-13,inst-b,respiratory,11,1,0,1.0,14.57,13.79
2025-05-14,inst-b,fever_flu,19,2,0,1.0,18.0,17.36
2025-05-14,inst-b,gastrointestinal,35,2,0,1.0,33.43,32.93
2025-05-14,inst-b,other,10,2,0,1.0,7.29,7.71
2025-05-14,inst-b,respiratory,19,2,0,1.0,15.0,14.14
2025-05-15,inst-b,fever_flu,17,3,0,1.0,17.57,17.29
2025-05-15,inst-b,gastrointestinal,27,3,0,1.0,31.86,32.79
2025-05-15,inst-b,other,5,3,0,1.0,8.0,7.64
2025-05-15,inst-b,respiratory,14,3,0,1.0,15.14,14.07
2025-05-16,inst-b,fever_flu,14,4,0,1.0,17.14,16.93
2025-05-16,inst-b,gastrointestinal,31,4,0,1.0,31.71,33.0
2025-05-16,inst-b,other,6,4,0,1.0,8.0,7.57
2025-05-16,inst-b,respiratory,11,4,0,1.0,14.43,13.71
2025-05-17,inst-b,fever_flu,18,5,1,1.0,17.71,17.57
2025-05-17,inst-b,gastrointestinal,33,5,1,1.0,31.14,33.21
2025-05-17,inst-b,other,5,5,1,1.0,7.57,7.21
2025-05-17,inst-b,respiratory,6,5,1,1.0,12.71,12.86
2025-05-18,inst-b,fever_flu,10,6,1,1.0,17.14,17.29
2025-05-18,inst-b,gastrointestinal,38,6,1,1.0,33.29,34.07
2025-05-18,inst-b,other,5,6,1,1.0,7.0,6.79
2025-05-18,inst-b,respiratory,17,6,1,1.0,13.71,13.36
2025-05-19,inst-b,fever_flu,22,0,0,1.0,17.29,17.29
2025-05-19,inst-b,gastrointestinal,27,0,0,1.0,32.14,32.43
2025-05-19,inst-b,other,7,0,0,1.0,6.71,6.71
2025-05-19,inst-b,respiratory,12,0,0,1.0,12.86,13.86
2025-05-20,inst-b,fever_flu,21,1,0,1.0,17.29,17.43
2025-05-20,inst-b,gastrointestinal,20,1,0,1.0,30.14,31.5
2025-05-20,inst-b,other,4,1,0,1.0,6.0,6.36
2025-05-20,inst-b,respiratory,13,1,0,1.0,13.14,13.86
2025-05-21,inst-b,fever_flu,24,2,0,1.0,18.0,18.0
2025-05-21,inst-b,gastrointestinal,34,2,0,1.0,30.0,31.71
2025-05-21,inst-b,other,3,2,0,1.0,5.0,6.14
2025-05-21,inst-b,respiratory,14,2,0,1.0,12.43,13.71
2025-05-22,inst-b,fever_flu,27,3,0,1.0,19.43,18.5
2025-05-22,inst-b,gastrointestinal,34,3,0,1.0,31.0,31.43
2025-05-22,inst-b,other,11,3,0,1.0,5.86,6.93
2025-05-22,inst-b,respiratory,3,3,0,1.0,10.86,13.0
2025-05-23,inst-b,fever_flu,22,4,0,1.0,20.57,18.86
2025-05-23,inst-b,gastrointestinal,30,4,0,1.0,30.86,31.29
2025-05-23,inst-b,other,5,4,0,1.0,5.71,6.86
2025-05-23,inst-b,respiratory,15,4,0,1.0,11.43,12.93
2025-05-24,inst-b,fever_flu,23,5,1,1.0,21.29,19.5
2025-05-24,inst-b,gastrointestinal,36,5,1,1.0,31.29,31.21
2025-05-24,inst-b,other,15,5,1,1.0,7.14,7.36
2025-05-24,inst-b,respiratory,16,5,1,1.0,12.86,12.79
2025-05-25,inst-b,fever_flu,18,6,1,1.0,22.43,19.79
2025-05-25,inst-b,gastrointestinal,30,6,1,1.0,30.14,31.71
2025-05-25,inst-b,other,2,6,1,1.0,6.71,6.86
2025-05-25,inst-b,respiratory,16,6,1,1.0,12.71,13.21
2025-05-26,inst-b,fever_flu,16,0,0,1.0,21.57,19.43
2025-05-26,inst-b,gastrointestinal,31,0,0,1.0,30.71,31.43
2025-05-26,inst-b,other,8,0,0,1.0,6.86,6.79
2025-05-26,inst-b,respiratory,12,0,0,1.0,12.71,12.79
2025-05-27,inst-b,fever_flu,19,1,0,1.0,21.29,19.29
2025-05-27,inst-b,gastrointestinal,40,1,0,1.0,33.57,31.86
2025-05-27,inst-b,other,7,1,0,1.0,7.29,6.64
2025-05-27,inst-b,respiratory,12,1,0,1.0,12.57,12.86
2025-05-28,inst-b,fever_flu,22,2,0,1.0,21.0,19.5
2025-05-28,inst-b,gastrointestinal,34,2,0,1.0,33.57,31.79
2025-05-28,inst-b,other,5,2,0,1.0,7.57,6.29
2025-05-28,inst-b,respiratory,13,2,0,1.0,12.43,12.43
2025-05-29,inst-b,fever_flu,13,3,0,1.0,19.0,19.21
2025-05-29,inst-b,gastrointestinal,32,3,0,1.0,33.29,32.14
2025-05-29,inst-b,other,5,3,0,1.0,6.71,6.29
2025-05-29,inst-b,respiratory,13,3,0,1.0,13.86,12.36
2025-05-30,inst-b,fever_flu,20,4,0,1.0,18.71,19.64
2025-05-30,inst-b,gastrointestinal,39,4,0,1.0,34.57,32.71
2025-05-30,inst-b,other,8,4,0,1.0,7.14,6.43
2025-05-30,inst-b,respiratory,13,4,0,1.0,13.57,12.5
2025-05-31,inst-b,fever_flu,20,5,1,1.0,18.29,19.79
2025-05-31,inst-b,gastrointestinal,33,5,1,1.0,34.14,32.71
2025-05-31,inst-b,other,7,5,1,1.0,6.0,6.57
2025-05-31,inst-b,respiratory,18,5,1,1.0,13.86,13.36
2025-06-01,inst-b,fever_flu,8,6,1,1.0,16.86,19.64
2025-06-01,inst-b,gastrointestinal,30,6,1,1.0,34.14,32.14
2025-06-01,inst-b,other,7,6,1,1.0,6.71,6.71
2025-06-01,inst-b,respiratory,16,6,1,1.0,13.86,13.29
2025-06-02,inst-b,fever_flu,24,0,0,1.0,18.0,19.79
2025-06-02,inst-b,gastrointestinal,41,0,0,1.0,35.57,33.14
2025-06-02,inst-b,other,11,0,0,1.0,7.14,7.0
2025-06-02,inst-b,respiratory,21,0,0,1.0,15.14,13.93
2025-06-03,inst-b,fever_flu,16,1,0,1.0,17.57,19.43
2025-06-03,inst-b,gastrointestinal,36,1,0,1.0,35.0,34.29
2025-06-03,inst-b,other,7,1,0,1.0,7.14,7.21
2025-06-03,inst-b,respiratory,16,1,0,1.0,15.71,14.14
2025-06-04,inst-b,fever_flu,18,2,0,1.0,17.0,19.0
2025-06-04,inst-b,gastrointestinal,41,2,0,1.0,36.0,34.79
2025-06-04,inst-b,other,6,2,0,1.0,7.29,7.43
2025-06-04,inst-b,respiratory,18,2,0,1.0,16.43,14.43
2025-06-05,inst-b,fever_flu,13,3,0,1.0,17.0,18.0
2025-06-05,inst-b,gastrointestinal,39,3,0,1.0,37.0,35.14
2025-06-05,inst-b,other,1,3,0,1.0,6.71,6.71
2025-06-05,inst-b,respiratory,16,3,0,1.0,16.86,15.36
2025-06-06,inst-b,fever_flu,17,4,0,1.0,16.57,17.64
2025-06-06,inst-b,gastrointestinal,27,4,0,1.0,35.29,34.93
2025-06-06,inst-b,other,7,4,0,1.0,6.57,6.86
2025-06-06,inst-b,respiratory,13,4,0,1.0,16.86,15.21
2025-06-07,inst-b,fever_flu,21,5,1,1.0,16.71,17.5
2025-06-07,inst-b,gastrointestinal,43,5,1,1.0,36.71,35.43
2025-06-07,inst-b,other,9,5,1,1.0,6.86,6.43
2025-06-07,inst-b,respiratory,14,5,1,1.0,16.29,15.07
2025-06-08,inst-b,fever_flu,24,6,1,1.0,19.0,17.93
2025-06-08,inst-b,gastrointestinal,28,6,1,1.0,36.43,35.29
2025-06-08,inst-b,other,8,6,1,1.0,7.0,6.86
2025-06-08,inst-b,respiratory,18,6,1,1.0,16.57,15.21
2025-06-09,inst-b,fever_flu,13,0,0,1.0,17.43,17.71
2025-06-09,inst-b,gastrointestinal,30,0,0,1.0,34.86,35.21
2025-06-09,inst-b,other,10,0,0,1.0,6.86,7.0
2025-06-09,inst-b,respiratory,19,0,0,1.0,16.29,15.71
2025-06-10,inst-b,fever_flu,16,1,0,1.0,17.43,17.5
2025-06-10,inst-b,gastrointestinal,30,1,0,1.0,34.0,34.5
2025-06-10,inst-b,other,11,1,0,1.0,7.43,7.29
2025-06-10,inst-b,respiratory,17,1,0,1.0,16.43,16.07
2025-06-11,inst-b,fever_flu,15,2,0,1.0,17.0,17.0
2025-06-11,inst-b,gastrointestinal,45,2,0,1.0,34.57,35.29
2025-06-11,inst-b,other,10,2,0,1.0,8.0,7.64
2025-06-11,inst-b,respiratory,11,2,0,1.0,15.43,15.93
2025-06-12,inst-b,fever_flu,18,3,0,1.0,17.71,17.36
2025-06-12,inst-b,gastrointestinal,40,3,0,1.0,34.71,35.86
2025-06-12,inst-b,other,8,3,0,1.0,9.0,7.86
2025-06-12,inst-b,respiratory,15,3,0,1.0,15.29,16.07
2025-06-13,inst-b,fever_flu,23,4,0,1.0,18.57,17.57
2025-06-13,inst-b,gastrointestinal,30,4,0,1.0,35.14,35.21
2025-06-13,inst-b,other,7,4,0,1.0,9.0,7.79
2025-06-13,inst-b,respiratory,16,4,0,1.0,15.71,16.29
2025-06-14,inst-b,fever_flu,8,5,1,1.0,16.71,16.71
2025-06-14,inst-b,gastrointestinal,30,5,1,1.0,33.29,35.0
2025-06-14,inst-b,other,7,5,1,1.0,8.71,7.79
2025-06-14,inst-b,respiratory,15,5,1,1.0,15.86,16.07
2025-06-15,inst-b,fever_flu,20,6,1,1.0,16.14,17.57
2025-06-15,inst-b,gastrointestinal,41,6,1,1.0,35.14,35.79
2025-06-15,inst-b,other,7,6,1,1.0,8.57,7.79
2025-06-15,inst-b,respiratory,26,6,1,1.0,17.0,16.79
2025-06-16,inst-b,fever_flu,15,0,0,1.0,16.43,16.93
2025-06-16,inst-b,gastrointestinal,40,0,0,1.0,36.57,35.71
2025-06-16,inst-b,other,11,0,0,1.0,8.71,7.79
2025-06-16,inst-b,respiratory,17,0,0,1.0,16.71,16.5
2025-06-17,inst-b,fever_flu,22,1,0,1.0,17.29,17.36
2025-06-17,inst-b,gastrointestinal,41,1,0,1.0,38.14,36.07
2025-06-17,inst-b,other,8,1,0,1.0,8.29,7.86
2025-06-17,inst-b,respiratory,19,1,0,1.0,17.0,16.71
2025-06-18,inst-b,fever_flu,18,2,0,1.0,17.71,17.36
2025-06-18,inst-b,gastrointestinal,40,2,0,1.0,37.43,36.0
2025-06-18,inst-b,other,6,2,0,1.0,7.71,7.86
2025-06-18,inst-b,respiratory,19,2,0,1.0,18.14,16.79
2025-06-19,inst-b,fever_flu,15,3,0,1.0,17.29,17.5
2025-06-19,inst-b,gastrointestinal,47,3,0,1.0,38.43,36.57
2025-06-19,inst-b,other,4,3,0,1.0,7.14,8.07
2025-06-19,inst-b,respiratory,17,3,0,1.0,18.43,16.86
2025-06-20,inst-b,fever_flu,21,4,0,1.0,17.0,17.79
2025-06-20,inst-b,gastrointestinal,37,4,0,1.0,39.43,37.29
2025-06-20,inst-b,other,9,4,0,1.0,7.43,8.21
2025-06-20,inst-b,respiratory,17,4,0,1.0,18.57,17.14
2025-06-21,inst-b,fever_flu,13,5,1,1.0,17.71,17.21
2025-06-21,inst-b,gastrointestinal,46,5,1,1.0,41.71,37.5
2025-06-21,inst-b,other,6,5,1,1.0,7.29,8.0
2025-06-21,inst-b,respiratory,16,5,1,1.0,18.71,17.29
2025-06-22,inst-b,fever_flu,20,6,1,1.0,17.71,16.93
2025-06-22,inst-b,gastrointestinal,27,6,1,1.0,39.71,37.43
2025-06-22,inst-b,other,13,6,1,1.0,8.14,8.36
2025-06-22,inst-b,respiratory,16,6,1,1.0,17.29,17.14
2025-06-23,inst-b,fever_flu,16,0,0,1.0,17.86,17.14
2025-06-23,inst-b,gastrointestinal,40,0,0,1.0,39.71,38.14
2025-06-23,inst-b,other,7,0,0,1.0,7.57,8.14
2025-06-23,inst-b,respiratory,17,0,0,1.0,17.29,17.0
2025-06-24,inst-b,fever_flu,27,1,0,1.0,18.57,17.93
2025-06-24,inst-b,gastrointestinal,36,1,0,1.0,39.0,38.57
2025-06-24,inst-b,other,10,1,0,1.0,7.86,8.07
2025-06-24,inst-b,respiratory,15,1,0,1.0,16.71,16.86
2025-06-25,inst-b,fever_flu,23,2,0,1.0,19.29,18.5
2025-06-25,inst-b,gastrointestinal,39,2,0,1.0,38.86,38.14
2025-06-25,inst-b,other,12,2,0,1.0,8.71,8.21
2025-06-25,inst-b,respiratory,12,2,0,1.0,15.71,16.93
2025-06-26,inst-b,fever_flu,18,3,0,1.0,19.71,18.5
2025-06-26,inst-b,gastrointestinal,33,3,0,1.0,36.86,37.64
2025-06-26,inst-b,other,5,3,0,1.0,8.86,8.0
2025-06-26,inst-b,respiratory,24,3,0,1.0,16.71,17.57
2025-06-27,inst-b,fever_flu,26,4,0,1.0,20.43,18.71
2025-06-27,inst-b,gastrointestinal,41,4,0,1.0,37.43,38.43
2025-06-27,inst-b,other,8,4,0,1.0,8.71,8.07
2025-06-27,inst-b,respiratory,16,4,0,1.0,16.57,17.57
2025-06-28,inst-b,fever_flu,17,5,1,1.0,21.0,19.36
2025-06-28,inst-b,gastrointestinal,39,5,1,1.0,36.43,39.07
2025-06-28,inst-b,other,14,5,1,1.0,9.86,8.57
2025-06-28,inst-b,respiratory,16,5,1,1.0,16.57,17.64
2025-06-29,inst-b,fever_flu,30,6,1,1.0,22.43,20.07
2025-06-29,inst-b,gastrointestinal,39,6,1,1.0,38.14,38.93
2025-06-29,inst-b,other,9,6,1,1.0,9.29,8.71
2025-06-29,inst-b,respiratory,11,6,1,1.0,15.86,16.57
2025-06-30,inst-b,fever_flu,21,0,0,1.0,23.14,20.5
2025-06-30,inst-b,gastrointestinal,37,0,0,1.0,37.71,38.71
2025-06-30,inst-b,other,13,0,0,1.0,10.14,8.86
2025-06-30,inst-b,respiratory,17,0,0,1.0,15.86,16.57
2025-07-01,inst-b,fever_flu,15,1,0,1.0,21.43,20.0
2025-07-01,inst-b,gastrointestinal,48,1,0,1.0,39.43,39.21
2025-07-01,inst-b,other,8,1,0,1.0,9.86,8.86
2025-07-01,inst-b,respiratory,8,1,0,1.0,14.86,15.79
2025-07-02,inst-b,fever_flu,14,2,0,1.0,20.14,19.71
2025-07-02,inst-b,gastrointestinal,42,2,0,1.0,39.86,39.36
2025-07-02,inst-b,other,10,2,0,1.0,9.57,9.14
2025-07-02,inst-b,respiratory,15,2,0,1.0,15.29,15.5
2025-07-03,inst-b,fever_flu,23,3,0,1.0,20.86,20.29
2025-07-03,inst-b,gastrointestinal,32,3,0,1.0,39.71,38.29
2025-07-03,inst-b,other,7,3,0,1.0,9.86,9.36
2025-07-03,inst-b,respiratory,26,3,0,1.0,15.57,16.14
2025-07-04,inst-b,fever_flu,19,4,0,1.0,19.86,20.14
2025-07-04,inst-b,gastrointestinal,40,4,0,1.0,39.57,38.5
2025-07-04,inst-b,other,10,4,0,1.0,10.14,9.43
2025-07-04,inst-b,respiratory,19,4,0,1.0,16.0,16.29
2025-07-05,inst-b,fever_flu,25,5,1,1.0,21.0,21.0
2025-07-05,inst-b,gastrointestinal,38,5,1,1.0,39.43,37.93
2025-07-05,inst-b,other,5,5,1,1.0,8.86,9.36
2025-07-05,inst-b,respiratory,25,5,1,1.0,17.29,16.93
2025-07-06,inst-b,fever_flu,29,6,1,1.0,20.86,21.64
2025-07-06,inst-b,gastrointestinal,42,6,1,1.0,39.86,39.0
2025-07-06,inst-b,other,10,6,1,1.0,9.0,9.14
2025-07-06,inst-b,respiratory,14,6,1,1.0,17.71,16.79
2025-07-07,inst-b,fever_flu,17,0,0,1.0,20.29,21.71
2025-07-07,inst-b,gastrointestinal,41,0,0,1.0,40.43,39.07
2025-07-07,inst-b,other,11,0,0,1.0,8.71,9.43
2025-07-07,inst-b,respiratory,17,0,0,1.0,17.71,16.79
2025-07-08,inst-b,fever_flu,20,1,0,1.0,21.0,21.21
2025-07-08,inst-b,gastrointestinal,37,1,0,1.0,38.86,39.14
2025-07-08,inst-b,other,10,1,0,1.0,9.0,9.43
2025-07-08,inst-b,respiratory,21,1,0,1.0,19.57,17.21
2025-07-09,inst-b,fever_flu,31,2,0,1.0,23.43,21.79
2025-07-09,inst-b,gastrointestinal,39,2,0,1.0,38.43,39.14
2025-07-09,inst-b,other,8,2,0,1.0,8.71,9.14
2025-07-09,inst-b,respiratory,16,2,0,1.0,19.71,17.5
2025-07-10,inst-b,fever_flu,26,3,0,1.0,23.86,22.36
2025-07-10,inst-b,gastrointestinal,37,3,0,1.0,39.14,39.43
2025-07-10,inst-b,other,9,3,0,1.0,9.0,9.43
2025-07-10,inst-b,respiratory,17,3,0,1.0,18.43,17.0
2025-07-11,inst-b,fever_flu,29,4,0,1.0,25.29,22.57
2025-07-11,inst-b,gastrointestinal,49,4,0,1.0,40.43,40.0
2025-07-11,inst-b,other,7,4,0,1.0,8.57,9.36
2025-07-11,inst-b,respiratory,15,4,0,1.0,17.86,16.93
2025-07-12,inst-b,fever_flu,19,5,1,1.0,24.43,22.71
2025-07-12,inst-b,gastrointestinal,46,5,1,1.0,41.57,40.5
2025-07-12,inst-b,other,11,5,1,1.0,9.43,9.14
2025-07-12,inst-b,respiratory,10,5,1,1.0,15.71,16.5
2025-07-13,inst-b,fever_flu,17,6,1,1.0,22.71,21.79
2025-07-13,inst-b,gastrointestinal,46,6,1,1.0,42.14,41.0
2025-07-13,inst-b,other,11,6,1,1.0,9.57,9.29
2025-07-13,inst-b,respiratory,10,6,1,1.0,15.14,16.43
2025-07-14,inst-b,fever_flu,21,0,0,1.0,23.29,21.79
2025-07-14,inst-b,gastrointestinal,36,0,0,1.0,41.43,40.93
2025-07-14,inst-b,other,11,0,0,1.0,9.57,9.14
2025-07-14,inst-b,respiratory,19,0,0,1.0,15.43,16.57
2025-07-15,inst-b,fever_flu,32,1,0,1.0,25.0,23.0
2025-07-15,inst-b,gastrointestinal,45,1,0,1.0,42.57,40.71
2025-07-15,inst-b,other,5,1,0,1.0,8.86,8.93
2025-07-15,inst-b,respiratory,19,1,0,1.0,15.14,17.36
2025-07-16,inst-b,fever_flu,19,2,0,1.0,23.29,23.36
2025-07-16,inst-b,gastrointestinal,41,2,0,1.0,42.86,40.64
2025-07-16,inst-b,other,5,2,0,1.0,8.43,8.57
2025-07-16,inst-b,respiratory,25,2,0,1.0,16.43,18.07
2025-07-17,inst-b,fever_flu,23,3,0,1.0,22.86,23.36
2025-07-17,inst-b,gastrointestinal,48,3,0,1.0,44.43,41.79
2025-07-17,inst-b,other,14,3,0,1.0,9.14,9.07
2025-07-17,inst-b,respiratory,18,3,0,1.0,16.57,17.5
2025-07-18,inst-b,fever_flu,18,4,0,1.0,21.29,23.29
2025-07-18,inst-b,gastrointestinal,42,4,0,1.0,43.43,41.93
2025-07-18,inst-b,other,10,4,0,1.0,9.57,9.07
2025-07-18,inst-b,respiratory,13,4,0,1.0,16.29,17.07
2025-07-19,inst-b,fever_flu,11,5,1,1.0,20.14,22.29
2025-07-19,inst-b,gastrointestinal,39,5,1,1.0,42.43,42.0
2025-07-19,inst-b,other,10,5,1,1.0,9.43,9.43
2025-07-19,inst-b,respiratory,22,5,1,1.0,18.0,16.86
2025-07-20,inst-b,fever_flu,29,6,1,1.0,21.86,22.29
2025-07-20,inst-b,gastrointestinal,44,6,1,1.0,42.14,42.14
2025-07-20,inst-b,other,6,6,1,1.0,8.71,9.14
2025-07-20,inst-b,respiratory,20,6,1,1.0,19.43,17.29
2025-07-21,inst-b,fever_flu,16,0,0,1.0,21.14,22.21
2025-07-21,inst-b,gastrointestinal,50,0,0,1.0,44.14,42.79
2025-07-21,inst-b,other,10,0,0,1.0,8.57,9.07
2025-07-21,inst-b,respiratory,22,0,0,1.0,19.86,17.64
2025-07-22,inst-b,fever_flu,25,1,0,1.0,20.14,22.57
2025-07-22,inst-b,gastrointestinal,42,1,0,1.0,43.71,43.14
2025-07-22,inst-b,other,8,1,0,1.0,9.0,8.93
2025-07-22,inst-b,respiratory,17,1,0,1.0,19.57,17.36
2025-07-23,inst-b,fever_flu,18,2,0,1.0,20.0,21.64
2025-07-23,inst-b,gastrointestinal,42,2,0,1.0,43.86,43.36
2025-07-23,inst-b,other,6,2,0,1.0,9.14,8.79
2025-07-23,inst-b,respiratory,16,2,0,1.0,18.29,17.36
2025-07-24,inst-b,fever_flu,27,3,0,1.0,20.57,21.71
2025-07-24,inst-b,gastrointestinal,37,3,0,1.0,42.29,43.36
2025-07-24,inst-b,other,11,3,0,1.0,8.71,8.93
2025-07-24,inst-b,respiratory,22,3,0,1.0,18.86,17.71
2025-07-25,inst-b,fever_flu,29,4,0,1.0,22.14,21.71
2025-07-25,inst-b,gastrointestinal,39,4,0,1.0,41.86,42.64
2025-07-25,inst-b,other,7,4,0,1.0,8.29,8.93
2025-07-25,inst-b,respiratory,12,4,0,1.0,18.71,17.5
2025-07-26,inst-b,fever_flu,27,5,1,1.0,24.43,22.29
2025-07-26,inst-b,gastrointestinal,45,5,1,1.0,42.71,42.57
2025-07-26,inst-b,other,9,5,1,1.0,8.14,8.79
2025-07-26,inst-b,respiratory,17,5,1,1.0,18.0,18.0
2025-07-27,inst-b,fever_flu,32,6,1,1.0,24.86,23.36
2025-07-27,inst-b,gastrointestinal,51,6,1,1.0,43.71,42.93
2025-07-27,inst-b,other,12,6,1,1.0,9.0,8.86
2025-07-27,inst-b,respiratory,17,6,1,1.0,17.57,18.5
2025-07-28,inst-b,fever_flu,21,0,0,1.0,25.57,23.36
2025-07-28,inst-b,gastrointestinal,39,0,0,1.0,42.14,43.14
2025-07-28,inst-b,other,11,0,0,1.0,9.14,8.86
2025-07-28,inst-b,respiratory,20,0,0,1.0,17.29,18.57
2025-07-29,inst-b,fever_flu,27,1,0,1.0,25.86,23.0
2025-07-29,inst-b,gastrointestinal,52,1,0,1.0,43.57,43.64
2025-07-29,inst-b,other,5,1,0,1.0,8.71,8.86
2025-07-29,inst-b,respiratory,21,1,0,1.0,17.86,18.71
2025-07-30,inst-b,fever_flu,22,2,0,1.0,26.43,23.21
2025-07-30,inst-b,gastrointestinal,37,2,0,1.0,42.86,43.36
2025-07-30,inst-b,other,10,2,0,1.0,9.29,9.21
2025-07-30,inst-b,respiratory,23,2,0,1.0,18.86,18.57
2025-07-31,inst-b,fever_flu,28,3,0,1.0,26.57,23.57
2025-07-31,inst-b,gastrointestinal,63,3,0,1.0,46.57,44.43
2025-07-31,inst-b,other,9,3,0,1.0,9.0,8.86
2025-07-31,inst-b,respiratory,28,3,0,1.0,19.71,19.29
2025-08-01,inst-b,fever_flu,23,4,0,1.0,25.71,23.93
2025-08-01,inst-b,gastrointestinal,49,4,0,1.0,48.0,44.93
2025-08-01,inst-b,other,15,4,0,1.0,10.14,9.21
2025-08-01,inst-b,respiratory,22,4,0,1.0,21.14,19.93
2025-08-02,inst-b,fever_flu,27,5,1,1.0,25.71,25.07
2025-08-02,inst-b,gastrointestinal,47,5,1,1.0,48.29,45.5
2025-08-02,inst-b,other,11,5,1,1.0,10.43,9.29
2025-08-02,inst-b,respiratory,20,5,1,1.0,21.57,19.79
2025-08-03,inst-b,fever_flu,22,6,1,1.0,24.29,24.57
2025-08-03,inst-b,gastrointestinal,40,6,1,1.0,46.71,45.21
2025-08-03,inst-b,other,7,6,1,1.0,9.71,9.36
2025-08-03,inst-b,respiratory,23,6,1,1.0,22.43,20.0
2025-08-04,inst-b,fever_flu,27,0,0,1.0,25.14,25.36
2025-08-04,inst-b,gastrointestinal,50,0,0,1.0,48.29,45.21
2025-08-04,inst-b,other,15,0,0,1.0,10.29,9.71
2025-08-04,inst-b,respiratory,22,0,0,1.0,22.71,20.0
2025-08-05,inst-b,fever_flu,20,1,0,1.0,24.14,25.0
2025-08-05,inst-b,gastrointestinal,48,1,0,1.0,47.71,45.64
2025-08-05,inst-b,other,9,1,0,1.0,10.86,9.79
2025-08-05,inst-b,respiratory,20,1,0,1.0,22.57,20.21
2025-08-06,inst-b,fever_flu,23,2,0,1.0,24.29,25.36
2025-08-06,inst-b,gastrointestinal,49,2,0,1.0,49.43,46.14
2025-08-06,inst-b,other,10,2,0,1.0,10.86,10.07
2025-08-06,inst-b,respiratory,22,2,0,1.0,22.43,20.64
2025-08-07,inst-b,fever_flu,29,3,0,1.0,24.43,25.5
2025-08-07,inst-b,gastrointestinal,43,3,0,1.0,46.57,46.57
2025-08-07,inst-b,other,12,3,0,1.0,11.29,10.14
2025-08-07,inst-b,respiratory,14,3,0,1.0,20.43,20.07
2025-08-08,inst-b,fever_flu,25,4,0,1.0,24.71,25.21
2025-08-08,inst-b,gastrointestinal,45,4,0,1.0,46.0,47.0
2025-08-08,inst-b,other,8,4,0,1.0,10.29,10.21
2025-08-08,inst-b,respiratory,22,4,0,1.0,20.43,20.79
2025-08-09,inst-b,fever_flu,27,5,1,1.0,24.71,25.21
2025-08-09,inst-b,gastrointestinal,47,5,1,1.0,46.0,47.14
2025-08-09,inst-b,other,8,5,1,1.0,9.86,10.14
2025-08-09,inst-b,respiratory,23,5,1,1.0,20.86,21.21
2025-08-10,inst-b,fever_flu,23,6,1,1.0,24.86,24.57
2025-08-10,inst-b,gastrointestinal,51,6,1,1.0,47.57,47.14
2025-08-10,inst-b,other,7,6,1,1.0,9.86,9.79
2025-08-10,inst-b,respiratory,11,6,1,1.0,19.14,20.79
2025-08-11,inst-b,fever_flu,30,0,0,1.0,25.29,25.21
2025-08-11,inst-b,gastrointestinal,44,0,0,1.0,46.71,47.5
2025-08-11,inst-b,other,12,0,0,1.0,9.43,9.86
2025-08-11,inst-b,respiratory,23,0,0,1.0,19.29,21.0
2025-08-12,inst-b,fever_flu,31,1,0,1.0,26.86,25.5
2025-08-12,inst-b,gastrointestinal,37,1,0,1.0,45.14,46.43
2025-08-12,inst-b,other,11,1,0,1.0,9.71,10.29
2025-08-12,inst-b,respiratory,23,1,0,1.0,19.71,21.14
2025-08-13,inst-b,fever_flu,17,2,0,1.0,26.0,25.14
2025-08-13,inst-b,gastrointestinal,45,2,0,1.0,44.57,47.0
2025-08-13,inst-b,other,11,2,0,1.0,9.86,10.36
2025-08-13,inst-b,respiratory,18,2,0,1.0,19.14,20.79
2025-08-14,inst-b,fever_flu,19,3,0,1.0,24.57,24.5
2025-08-14,inst-b,gastrointestinal,38,3,0,1.0,43.86,45.21
2025-08-14,inst-b,other,14,3,0,1.0,10.14,10.71
2025-08-14,inst-b,respiratory,17,3,0,1.0,19.57,20.0
2025-08-15,inst-b,fever_flu,23,4,0,1.0,24.29,24.5
2025-08-15,inst-b,gastrointestinal,55,4,0,1.0,45.29,45.64
2025-08-15,inst-b,other,5,4,0,1.0,9.71,10.0
2025-08-15,inst-b,respiratory,18,4,0,1.0,19.0,19.71
2025-08-16,inst-b,fever_flu,25,5,1,1.0,24.0,24.36
2025-08-16,inst-b,gastrointestinal,53,5,1,1.0,46.14,46.07
2025-08-16,inst-b,other,9,5,1,1.0,9.86,9.86
2025-08-16,inst-b,respiratory,16,5,1,1.0,18.0,19.43
2025-08-17,inst-b,fever_flu,30,6,1,1.0,25.0,24.93
2025-08-17,inst-b,gastrointestinal,49,6,1,1.0,45.86,46.71
2025-08-17,inst-b,other,14,6,1,1.0,10.86,10.36
2025-08-17,inst-b,respiratory,21,6,1,1.0,19.43,19.29
2025-08-18,inst-b,fever_flu,24,0,0,1.0,24.14,24.71
2025-08-18,inst-b,gastrointestinal,39,0,0,1.0,45.14,45.93
2025-08-18,inst-b,other,11,0,0,1.0,10.71,10.07
2025-08-18,inst-b,respiratory,19,0,0,1.0,18.86,19.07
2025-08-19,inst-b,fever_flu,27,1,0,1.0,23.57,25.21
2025-08-19,inst-b,gastrointestinal,40,1,0,1.0,45.57,45.36
2025-08-19,inst-b,other,10,1,0,1.0,10.57,10.14
2025-08-19,inst-b,respiratory,17,1,0,1.0,18.0,18.86
2025-08-20,inst-b,fever_flu,24,2,0,1.0,24.57,25.29
2025-08-20,inst-b,gastrointestinal,41,2,0,1.0,45.0,44.79
2025-08-20,inst-b,other,7,2,0,1.0,10.0,9.93
2025-08-20,inst-b,respiratory,20,2,0,1.0,18.29,18.71
2025-08-21,inst-b,fever_flu,18,3,0,1.0,24.43,24.5
2025-08-21,inst-b,gastrointestinal,54,3,0,1.0,47.29,45.57
2025-08-21,inst-b,other,8,3,0,1.0,9.14,9.64
2025-08-21,inst-b,respiratory,25,3,0,1.0,19.43,19.5
2025-08-22,inst-b,fever_flu,25,4,0,1.0,24.71,24.5
2025-08-22,inst-b,gastrointestinal,43,4,0,1.0,45.57,45.43
2025-08-22,inst-b,other,6,4,0,1.0,9.29,9.5
2025-08-22,inst-b,respiratory,15,4,0,1.0,19.0,19.0
2025-08-23,inst-b,fever_flu,27,5,1,1.0,25.0,24.5
2025-08-23,inst-b,gastrointestinal,40,5,1,1.0,43.71,44.93
2025-08-23,inst-b,other,10,5,1,1.0,9.43,9.64
2025-08-23,inst-b,respiratory,17,5,1,1.0,19.14,18.57
2025-08-24,inst-b,fever_flu,23,6,1,1.0,24.0,24.5
2025-08-24,inst-b,gastrointestinal,47,6,1,1.0,43.43,44.64
2025-08-24,inst-b,other,9,6,1,1.0,8.71,9.79
2025-08-24,inst-b,respiratory,18,6,1,1.0,18.71,19.07
2025-08-25,inst-b,fever_flu,21,0,0,1.0,23.57,23.86
2025-08-25,inst-b,gastrointestinal,56,0,0,1.0,45.86,45.5
2025-08-25,inst-b,other,13,0,0,1.0,9.0,9.86
2025-08-25,inst-b,respiratory,28,0,0,1.0,20.0,19.43
2025-08-26,inst-b,fever_flu,30,1,0,1.0,24.0,23.79
2025-08-26,inst-b,gastrointestinal,40,1,0,1.0,45.86,45.71
2025-08-26,inst-b,other,15,1,0,1.0,9.71,10.14
2025-08-26,inst-b,respiratory,24,1,0,1.0,21.0,19.5
2025-08-27,inst-b,fever_flu,30,2,0,1.0,24.86,24.71
2025-08-27,inst-b,gastrointestinal,40,2,0,1.0,45.71,45.36
2025-08-27,inst-b,other,11,2,0,1.0,10.29,10.14
2025-08-27,inst-b,respiratory,16,2,0,1.0,20.43,19.36
2025-08-28,inst-b,fever_flu,28,3,0,1.0,26.29,25.36
2025-08-28,inst-b,gastrointestinal,50,3,0,1.0,45.14,46.21
2025-08-28,inst-b,other,7,3,0,1.0,10.14,9.64
2025-08-28,inst-b,respiratory,24,3,0,1.0,20.29,19.86
2025-08-29,inst-b,fever_flu,25,4,0,1.0,26.29,25.5
2025-08-29,inst-b,gastrointestinal,54,4,0,1.0,46.71,46.14
2025-08-29,inst-b,other,10,4,0,1.0,10.71,10.0
2025-08-29,inst-b,respiratory,25,4,0,1.0,21.71,20.36
2025-08-30,inst-b,fever_flu,29,5,1,1.0,26.57,25.79
2025-08-30,inst-b,gastrointestinal,50,5,1,1.0,48.14,45.93
2025-08-30,inst-b,other,10,5,1,1.0,10.71,10.07
2025-08-30,inst-b,respiratory,15,5,1,1.0,21.43,20.29
2025-08-31,inst-b,fever_flu,29,6,1,1.0,27.43,25.71
2025-08-31,inst-b,gastrointestinal,45,6,1,1.0,47.86,45.64
2025-08-31,inst-b,other,8,6,1,1.0,10.57,9.64
2025-08-31,inst-b,respiratory,25,6,1,1.0,22.43,20.57
2025-09-01,inst-b,fever_flu,28,0,0,1.0,28.43,26.0
2025-09-01,inst-b,gastrointestinal,47,0,0,1.0,46.57,46.21
2025-09-01,inst-b,other,10,0,0,1.0,10.14,9.57
2025-09-01,inst-b,respiratory,21,0,0,1.0,21.43,20.71
2025-09-02,inst-b,fever_flu,24,1,0,1.0,27.57,25.79
2025-09-02,inst-b,gastrointestinal,52,1,0,1.0,48.29,47.07
2025-09-02,inst-b,other,6,1,0,1.0,8.86,9.29
2025-09-02,inst-b,respiratory,21,1,0,1.0,21.0,21.0
2025-09-03,inst-b,fever_flu,20,2,0,1.0,26.14,25.5
2025-09-03,inst-b,gastrointestinal,55,2,0,1.0,50.43,48.07
2025-09-03,inst-b,other,12,2,0,1.0,9.0,9.64
2025-09-03,inst-b,respiratory,28,2,0,1.0,22.71,21.57
2025-09-04,inst-b,fever_flu,28,3,0,1.0,26.14,26.21
2025-09-04,inst-b,gastrointestinal,50,3,0,1.0,50.43,47.79
2025-09-04,inst-b,other,10,3,0,1.0,9.43,9.79
2025-09-04,inst-b,respiratory,20,3,0,1.0,22.14,21.21
2025-09-05,inst-b,fever_flu,22,4,0,1.0,25.71,26.0
2025-09-05,inst-b,gastrointestinal,44,4,0,1.0,49.0,47.86
2025-09-05,inst-b,other,8,4,0,1.0,9.14,9.93
2025-09-05,inst-b,respiratory,18,4,0,1.0,21.14,21.43
2025-09-06,inst-b,fever_flu,29,5,1,1.0,25.71,26.14
2025-09-06,inst-b,gastrointestinal,43,5,1,1.0,48.0,48.07
2025-09-06,inst-b,other,15,5,1,1.0,9.86,10.29
2025-09-06,inst-b,respiratory,21,5,1,1.0,22.0,21.71
2025-09-07,inst-b,fever_flu,29,6,1,1.0,25.71,26.57
2025-09-07,inst-b,gastrointestinal,49,6,1,1.0,48.57,48.21
2025-09-07,inst-b,other,12,6,1,1.0,10.43,10.5
2025-09-07,inst-b,respiratory,19,6,1,1.0,21.14,21.79
2025-09-08,inst-b,fever_flu,29,0,0,1.0,25.86,27.14
2025-09-08,inst-b,gastrointestinal,53,0,0,1.0,49.43,48.0
2025-09-08,inst-b,other,7,0,0,1.0,10.0,10.07
2025-09-08,inst-b,respiratory,22,0,0,1.0,21.29,21.36
2025-09-09,inst-b,fever_flu,23,1,0,1.0,25.71,26.64
2025-09-09,inst-b,gastrointestinal,53,1,0,1.0,49.57,48.93
2025-09-09,inst-b,other,11,1,0,1.0,10.71,9.79
2025-09-09,inst-b,respiratory,25,1,0,1.0,21.86,21.43
2025-09-10,inst-b,fever_flu,31,2,0,1.0,27.29,26.71
2025-09-10,inst-b,gastrointestinal,46,2,0,1.0,48.29,49.36
2025-09-10,inst-b,other,17,2,0,1.0,11.43,10.21
2025-09-10,inst-b,respiratory,24,2,0,1.0,21.29,22.0
2025-09-11,inst-b,fever_flu,29,3,0,1.0,27.43,26.79
2025-09-11,inst-b,gastrointestinal,41,3,0,1.0,47.0,48.71
2025-09-11,inst-b,other,13,3,0,1.0,11.86,10.64
2025-09-11,inst-b,respiratory,19,3,0,1.0,21.14,21.64
2025-09-12,inst-b,fever_flu,21,4,0,1.0,27.29,26.5
2025-09-12,inst-b,gastrointestinal,57,4,0,1.0,48.86,48.93
2025-09-12,inst-b,other,13,4,0,1.0,12.57,10.86
2025-09-12,inst-b,respiratory,20,4,0,1.0,21.43,21.29
2025-09-13,inst-b,fever_flu,35,5,1,1.0,28.14,26.93
2025-09-13,inst-b,gastrointestinal,58,5,1,1.0,51.0,49.5
2025-09-13,inst-b,other,8,5,1,1.0,11.57,10.71
2025-09-13,inst-b,respiratory,19,5,1,1.0,21.14,21.57
2025-09-14,inst-b,fever_flu,25,6,1,1.0,27.57,26.64
2025-09-14,inst-b,gastrointestinal,53,6,1,1.0,51.57,50.07
2025-09-14,inst-b,other,10,6,1,1.0,11.29,10.86
2025-09-14,inst-b,respiratory,19,6,1,1.0,21.14,21.14
2025-09-15,inst-b,fever_flu,27,0,0,1.0,27.29,26.57
2025-09-15,inst-b,gastrointestinal,38,0,0,1.0,49.43,49.43
2025-09-15,inst-b,other,9,0,0,1.0,11.57,10.79
2025-09-15,inst-b,respiratory,22,0,0,1.0,21.14,21.21
2025-09-16,inst-b,fever_flu,21,1,0,1.0,27.0,26.36
2025-09-16,inst-b,gastrointestinal,57,1,0,1.0,50.0,49.79
2025-09-16,inst-b,other,13,1,0,1.0,11.86,11.29
2025-09-16,inst-b,respiratory,19,1,0,1.0,20.29,21.07
2025-09-17,inst-b,fever_flu,30,2,0,1.0,26.86,27.07
2025-09-17,inst-b,gastrointestinal,46,2,0,1.0,50.0,49.14
2025-09-17,inst-b,other,11,2,0,1.0,11.0,11.21
2025-09-17,inst-b,respiratory,20,2,0,1.0,19.71,20.5
2025-09-18,inst-b,fever_flu,26,3,0,1.0,26.43,26.93
2025-09-18,inst-b,gastrointestinal,55,3,0,1.0,52.0,49.5
2025-09-18,inst-b,other,9,3,0,1.0,10.43,11.14
2025-09-18,inst-b,respiratory,24,3,0,1.0,20.43,20.79
2025-09-19,inst-b,fever_flu,40,4,0,1.0,29.14,28.21
2025-09-19,inst-b,gastrointestinal,43,4,0,1.0,50.0,49.43
2025-09-19,inst-b,other,14,4,0,1.0,10.57,11.57
2025-09-19,inst-b,respiratory,17,4,0,1.0,20.0,20.71
2025-09-20,inst-b,fever_flu,29,5,1,1.0,28.29,28.21
2025-09-20,inst-b,gastrointestinal,40,5,1,1.0,47.43,49.21
2025-09-20,inst-b,other,12,5,1,1.0,11.14,11.36
2025-09-20,inst-b,respiratory,16,5,1,1.0,19.57,20.36
2025-09-21,inst-b,fever_flu,26,6,1,1.0,28.43,28.0
2025-09-21,inst-b,gastrointestinal,46,6,1,1.0,46.43,49.0
2025-09-21,inst-b,other,12,6,1,1.0,11.43,11.36
2025-09-21,inst-b,respiratory,24,6,1,1.0,20.29,20.71
2025-09-22,inst-b,fever_flu,26,0,0,1.0,28.29,27.79
2025-09-22,inst-b,gastrointestinal,36,0,0,1.0,46.14,47.79
2025-09-22,inst-b,other,9,0,0,1.0,11.43,11.5
2025-09-22,inst-b,respiratory,22,0,0,1.0,20.29,20.71
2025-09-23,inst-b,fever_flu,29,1,0,1.0,29.43,28.21
2025-09-23,inst-b,gastrointestinal,66,1,0,1.0,47.43,48.71
2025-09-23,inst-b,other,10,1,0,1.0,11.0,11.43
2025-09-23,inst-b,respiratory,22,1,0,1.0,20.71,20.5
2025-09-24,inst-b,fever_flu,28,2,0,1.0,29.14,28.0
2025-09-24,inst-b,gastrointestinal,50,2,0,1.0,48.0,49.0
2025-09-24,inst-b,other,12,2,0,1.0,11.14,11.07
2025-09-24,inst-b,respiratory,25,2,0,1.0,21.43,20.57
2025-09-25,inst-b,fever_flu,30,3,0,1.0,29.71,28.07
2025-09-25,inst-b,gastrointestinal,43,3,0,1.0,46.29,49.14
2025-09-25,inst-b,other,8,3,0,1.0,11.0,10.71
2025-09-25,inst-b,respiratory,30,3,0,1.0,22.29,21.36
2025-09-26,inst-b,fever_flu,25,4,0,1.0,27.57,28.36
2025-09-26,inst-b,gastrointestinal,43,4,0,1.0,46.29,48.14
2025-09-26,inst-b,other,10,4,0,1.0,10.43,10.5
2025-09-26,inst-b,respiratory,24,4,0,1.0,23.29,21.64
2025-09-27,inst-b,fever_flu,21,5,1,1.0,26.43,27.36
2025-09-27,inst-b,gastrointestinal,54,5,1,1.0,48.29,47.86
2025-09-27,inst-b,other,11,5,1,1.0,10.29,10.71
2025-09-27,inst-b,respiratory,25,5,1,1.0,24.57,22.07
2025-09-28,inst-b,fever_flu,26,6,1,1.0,26.43,27.43
2025-09-28,inst-b,gastrointestinal,40,6,1,1.0,47.43,46.93
2025-09-28,inst-b,other,10,6,1,1.0,10.0,10.71
2025-09-28,inst-b,respiratory,18,6,1,1.0,23.71,22.0
2025-09-29,inst-b,fever_flu,21,0,0,1.0,25.71,27.0
2025-09-29,inst-b,gastrointestinal,52,0,0,1.0,49.71,47.93
2025-09-29,inst-b,other,9,0,0,1.0,10.0,10.71
2025-09-29,inst-b,respiratory,32,0,0,1.0,25.14,22.71
2025-09-30,inst-b,fever_flu,20,1,0,1.0,24.43,26.93
2025-09-30,inst-b,gastrointestinal,61,1,0,1.0,49.0,48.21
2025-09-30,inst-b,other,5,1,0,1.0,9.29,10.14
2025-09-30,inst-b,respiratory,26,1,0,1.0,25.71,23.21
2025-10-01,inst-b,fever_flu,23,2,0,1.0,23.71,26.43
2025-10-01,inst-b,gastrointestinal,50,2,0,1.0,49.0,48.5
2025-10-01,inst-b,other,12,2,0,1.0,9.29,10.21
2025-10-01,inst-b,respiratory,29,2,0,1.0,26.29,23.86
2025-10-02,inst-b,fever_flu,29,3,0,1.0,23.57,26.64
2025-10-02,inst-b,gastrointestinal,50,3,0,1.0,50.0,48.14
2025-10-02,inst-b,other,14,3,0,1.0,10.14,10.57
2025-10-02,inst-b,respiratory,11,3,0,1.0,23.57,22.93
2025-10-03,inst-b,fever_flu,23,4,0,1.0,23.29,25.43
2025-10-03,inst-b,gastrointestinal,49,4,0,1.0,50.86,48.57
2025-10-03,inst-b,other,12,4,0,1.0,10.43,10.43
2025-10-03,inst-b,respiratory,17,4,0,1.0,22.57,22.93
2025-10-04,inst-b,fever_flu,22,5,1,1.0,23.43,24.93
2025-10-04,inst-b,gastrointestinal,46,5,1,1.0,49.71,49.0
2025-10-04,inst-b,other,13,5,1,1.0,10.71,10.5
2025-10-04,inst-b,respiratory,18,5,1,1.0,21.57,23.07
2025-10-05,inst-b,fever_flu,27,6,1,1.0,23.57,25.0
2025-10-05,inst-b,gastrointestinal,47,6,1,1.0,50.71,49.07
2025-10-05,inst-b,other,7,6,1,1.0,10.29,10.14
2025-10-05,inst-b,respiratory,25,6,1,1.0,22.57,23.14
2025-10-06,inst-b,fever_flu,39,0,0,1.0,26.14,25.93
2025-10-06,inst-b,gastrointestinal,49,0,0,1.0,50.29,50.0
2025-10-06,inst-b,other,8,0,0,1.0,10.14,10.07
2025-10-06,inst-b,respiratory,21,0,0,1.0,21.0,23.07
2025-10-07,inst-b,fever_flu,28,1,0,1.0,27.29,25.86
2025-10-07,inst-b,gastrointestinal,54,1,0,1.0,49.29,49.14
2025-10-07,inst-b,other,16,1,0,1.0,11.71,10.5
2025-10-07,inst-b,respiratory,27,1,0,1.0,21.14,23.43
2025-10-08,inst-b,fever_flu,26,2,0,1.0,27.71,25.71
2025-10-08,inst-b,gastrointestinal,50,2,0,1.0,49.29,49.14
2025-10-08,inst-b,other,14,2,0,1.0,12.0,10.64
2025-10-08,inst-b,respiratory,23,2,0,1.0,20.29,23.29
2025-10-09,inst-b,fever_flu,21,3,0,1.0,26.57,25.07
2025-10-09,inst-b,gastrointestinal,46,3,0,1.0,48.71,49.36
2025-10-09,inst-b,other,10,3,0,1.0,11.43,10.79
2025-10-09,inst-b,respiratory,26,3,0,1.0,22.43,23.0
2025-10-10,inst-b,fever_flu,32,4,0,1.0,27.86,25.57
2025-10-10,inst-b,gastrointestinal,48,4,0,1.0,48.57,49.71
2025-10-10,inst-b,other,9,4,0,1.0,11.0,10.71
2025-10-10,inst-b,respiratory,18,4,0,1.0,22.57,22.57
2025-10-11,inst-b,fever_flu,30,5,1,1.0,29.0,26.21
2025-10-11,inst-b,gastrointestinal,48,5,1,1.0,48.86,49.29
2025-10-11,inst-b,other,4,5,1,1.0,9.71,10.21
2025-10-11,inst-b,respiratory,21,5,1,1.0,23.0,22.29
2025-10-12,inst-b,fever_flu,32,6,1,1.0,29.71,26.64
2025-10-12,inst-b,gastrointestinal,49,6,1,1.0,49.14,49.93
2025-10-12,inst-b,other,9,6,1,1.0,10.0,10.14
2025-10-12,inst-b,respiratory,19,6,1,1.0,22.14,22.36
2025-10-13,inst-b,fever_flu,24,0,0,1.0,27.57,26.86
2025-10-13,inst-b,gastrointestinal,53,0,0,1.0,49.71,50.0
2025-10-13,inst-b,other,8,0,0,1.0,10.0,10.07
2025-10-13,inst-b,respiratory,14,0,0,1.0,21.14,21.07
2025-10-14,inst-b,fever_flu,24,1,0,1.0,27.0,27.14
2025-10-14,inst-b,gastrointestinal,47,1,0,1.0,48.71,49.0
2025-10-14,inst-b,other,4,1,0,1.0,8.29,10.0
2025-10-14,inst-b,respiratory,19,1,0,1.0,20.0,20.57
2025-10-15,inst-b,fever_flu,29,2,0,1.0,27.43,27.57
2025-10-15,inst-b,gastrointestinal,55,2,0,1.0,49.43,49.36
2025-10-15,inst-b,other,7,2,0,1.0,7.29,9.64
2025-10-15,inst-b,respiratory,25,2,0,1.0,20.29,20.29
2025-10-16,inst-b,fever_flu,30,3,0,1.0,28.71,27.64
2025-10-16,inst-b,gastrointestinal,49,3,0,1.0,49.86,49.29
2025-10-16,inst-b,other,13,3,0,1.0,7.71,9.57
2025-10-16,inst-b,respiratory,21,3,0,1.0,19.57,21.0
2025-10-17,inst-b,fever_flu,29,4,0,1.0,28.29,28.07
2025-10-17,inst-b,gastrointestinal,49,4,0,1.0,50.0,49.29
2025-10-17,inst-b,other,15,4,0,1.0,8.57,9.79
2025-10-17,inst-b,respiratory,18,4,0,1.0,19.57,21.07
2025-10-18,inst-b,fever_flu,27,5,1,1.0,27.86,28.43
2025-10-18,inst-b,gastrointestinal,52,5,1,1.0,50.57,49.71
2025-10-18,inst-b,other,15,5,1,1.0,10.14,9.93
2025-10-18,inst-b,respiratory,24,5,1,1.0,20.0,21.5
2025-10-19,inst-b,fever_flu,33,6,1,1.0,28.0,28.86
2025-10-19,inst-b,gastrointestinal,42,6,1,1.0,49.57,49.36
2025-10-19,inst-b,other,13,6,1,1.0,10.71,10.36
2025-10-19,inst-b,respiratory,23,6,1,1.0,20.57,21.36
2025-10-20,inst-b,fever_flu,28,0,0,1.0,28.57,28.07
2025-10-20,inst-b,gastrointestinal,46,0,0,1.0,48.57,49.14
2025-10-20,inst-b,other,12,0,0,1.0,11.29,10.64
2025-10-20,inst-b,respiratory,20,0,0,1.0,21.43,21.29
2025-10-21,inst-b,fever_flu,34,1,0,1.0,30.0,28.5
2025-10-21,inst-b,gastrointestinal,50,1,0,1.0,49.0,48.86
2025-10-21,inst-b,other,14,1,0,1.0,12.71,10.5
2025-10-21,inst-b,respiratory,22,1,0,1.0,21.86,20.93
2025-10-22,inst-b,fever_flu,21,2,0,1.0,28.86,28.14
2025-10-22,inst-b,gastrointestinal,53,2,0,1.0,48.71,49.07
2025-10-22,inst-b,other,12,2,0,1.0,13.43,10.36
2025-10-22,inst-b,respiratory,22,2,0,1.0,21.43,20.86
2025-10-23,inst-b,fever_flu,23,3,0,1.0,27.86,28.29
2025-10-23,inst-b,gastrointestinal,47,3,0,1.0,48.43,49.14
2025-10-23,inst-b,other,9,3,0,1.0,12.86,10.29
2025-10-23,inst-b,respiratory,29,3,0,1.0,22.57,21.07
2025-10-24,inst-b,fever_flu,25,4,0,1.0,27.29,27.79
2025-10-24,inst-b,gastrointestinal,43,4,0,1.0,47.57,48.79
2025-10-24,inst-b,other,7,4,0,1.0,11.71,10.14
2025-10-24,inst-b,respiratory,17,4,0,1.0,22.43,21.0
2025-10-25,inst-b,fever_flu,22,5,1,1.0,26.57,27.21
2025-10-25,inst-b,gastrointestinal,53,5,1,1.0,47.71,49.14
2025-10-25,inst-b,other,15,5,1,1.0,11.71,10.93
2025-10-25,inst-b,respiratory,21,5,1,1.0,22.0,21.0
2025-10-26,inst-b,fever_flu,23,6,1,1.0,25.14,26.57
2025-10-26,inst-b,gastrointestinal,53,6,1,1.0,49.29,49.43
2025-10-26,inst-b,other,13,6,1,1.0,11.71,11.21
2025-10-26,inst-b,respiratory,23,6,1,1.0,22.0,21.29
2025-10-27,inst-b,fever_flu,28,0,0,1.0,25.14,26.86
2025-10-27,inst-b,gastrointestinal,54,0,0,1.0,50.43,49.5
2025-10-27,inst-b,other,12,0,0,1.0,11.71,11.5
2025-10-27,inst-b,respiratory,17,0,0,1.0,21.57,21.5
2025-10-28,inst-b,fever_flu,29,1,0,1.0,24.43,27.21
2025-10-28,inst-b,gastrointestinal,42,1,0,1.0,49.29,49.14
2025-10-28,inst-b,other,8,1,0,1.0,10.86,11.79
2025-10-28,inst-b,respiratory,16,1,0,1.0,20.71,21.29
2025-10-29,inst-b,fever_flu,30,2,0,1.0,25.71,27.29
2025-10-29,inst-b,gastrointestinal,38,2,0,1.0,47.14,47.93
2025-10-29,inst-b,other,7,2,0,1.0,10.14,11.79
2025-10-29,inst-b,respiratory,22,2,0,1.0,20.71,21.07
2025-10-30,inst-b,fever_flu,24,3,0,1.0,25.86,26.86
2025-10-30,inst-b,gastrointestinal,52,3,0,1.0,47.86,48.14
2025-10-30,inst-b,other,12,3,0,1.0,10.57,11.71
2025-10-30,inst-b,respiratory,24,3,0,1.0,20.0,21.29
2025-10-31,inst-b,fever_flu,22,4,0,1.0,25.43,26.36
2025-10-31,inst-b,gastrointestinal,44,4,0,1.0,48.0,47.79
2025-10-31,inst-b,other,5,4,0,1.0,10.29,11.0
2025-10-31,inst-b,respiratory,22,4,0,1.0,20.71,21.57
2025-11-01,inst-b,fever_flu,26,5,1,1.0,26.0,26.29
2025-11-01,inst-b,gastrointestinal,37,5,1,1.0,45.71,46.71
2025-11-01,inst-b,other,10,5,1,1.0,9.57,10.64
2025-11-01,inst-b,respiratory,22,5,1,1.0,20.86,21.43
2025-11-02,inst-b,fever_flu,24,6,1,1.0,26.14,25.64
2025-11-02,inst-b,gastrointestinal,45,6,1,1.0,44.57,46.93
2025-11-02,inst-b,other,12,6,1,1.0,9.43,10.57
2025-11-02,inst-b,respiratory,23,6,1,1.0,20.86,21.43
2025-11-03,inst-b,fever_flu,29,0,0,1.0,26.29,25.71
2025-11-03,inst-b,gastrointestinal,50,0,0,1.0,44.0,47.21
2025-11-03,inst-b,other,6,0,0,1.0,8.57,10.14
2025-11-03,inst-b,respiratory,23,0,0,1.0,21.71,21.64
2025-11-04,inst-b,fever_flu,21,1,0,1.0,25.14,24.79
2025-11-04,inst-b,gastrointestinal,50,1,0,1.0,45.14,47.21
2025-11-04,inst-b,other,10,1,0,1.0,8.86,9.86
2025-11-04,inst-b,respiratory,24,1,0,1.0,22.86,21.79
2025-11-05,inst-b,fever_flu,27,2,0,1.0,24.71,25.21
2025-11-05,inst-b,gastrointestinal,45,2,0,1.0,46.14,46.64
2025-11-05,inst-b,other,14,2,0,1.0,9.86,10.0
2025-11-05,inst-b,respiratory,20,2,0,1.0,22.57,21.64
2025-11-06,inst-b,fever_flu,29,3,0,1.0,25.43,25.64
2025-11-06,inst-b,gastrointestinal,40,3,0,1.0,44.43,46.14
2025-11-06,inst-b,other,14,3,0,1.0,10.14,10.36
2025-11-06,inst-b,respiratory,25,3,0,1.0,22.71,21.36
2025-11-07,inst-b,fever_flu,35,4,0,1.0,27.29,26.36
2025-11-07,inst-b,gastrointestinal,53,4,0,1.0,45.71,46.86
2025-11-07,inst-b,other,13,4,0,1.0,11.29,10.79
2025-11-07,inst-b,respiratory,22,4,0,1.0,22.71,21.71
2025-11-08,inst-b,fever_flu,26,5,1,1.0,27.29,26.64
2025-11-08,inst-b,gastrointestinal,52,5,1,1.0,47.86,46.79
2025-11-08,inst-b,other,10,5,1,1.0,11.29,10.43
2025-11-08,inst-b,respiratory,21,5,1,1.0,22.57,21.71
2025-11-09,inst-b,fever_flu,22,6,1,1.0,27.0,26.57
2025-11-09,inst-b,gastrointestinal,55,6,1,1.0,49.29,46.93
2025-11-09,inst-b,other,15,6,1,1.0,11.71,10.57
2025-11-09,inst-b,respiratory,19,6,1,1.0,22.0,21.43
2025-11-10,inst-b,fever_flu,28,0,0,1.0,26.86,26.57
2025-11-10,inst-b,gastrointestinal,39,0,0,1.0,47.71,45.86
2025-11-10,inst-b,other,4,0,0,1.0,11.43,10.0
2025-11-10,inst-b,respiratory,23,0,0,1.0,22.0,21.86
2025-11-11,inst-b,fever_flu,23,1,0,1.0,27.14,26.14
2025-11-11,inst-b,gastrointestinal,51,1,0,1.0,47.86,46.5
2025-11-11,inst-b,other,11,1,0,1.0,11.57,10.21
2025-11-11,inst-b,respiratory,23,1,0,1.0,21.86,22.36
2025-11-12,inst-b,fever_flu,20,2,0,1.0,26.14,25.43
2025-11-12,inst-b,gastrointestinal,42,2,0,1.0,47.43,46.79
2025-11-12,inst-b,other,14,2,0,1.0,11.57,10.71
2025-11-12,inst-b,respiratory,28,2,0,1.0,23.0,22.79
2025-11-13,inst-b,fever_flu,30,3,0,1.0,26.29,25.86
2025-11-13,inst-b,gastrointestinal,47,3,0,1.0,48.43,46.43
2025-11-13,inst-b,other,14,3,0,1.0,11.57,10.86
2025-11-13,inst-b,respiratory,29,3,0,1.0,23.57,23.14
2025-11-14,inst-b,fever_flu,31,4,0,1.0,25.71,26.5
2025-11-14,inst-b,gastrointestinal,43,4,0,1.0,47.0,46.36
2025-11-14,inst-b,other,15,4,0,1.0,11.86,11.57
2025-11-14,inst-b,respiratory,17,4,0,1.0,22.86,22.79
2025-11-15,inst-b,fever_flu,34,5,1,1.0,26.86,27.07
2025-11-15,inst-b,gastrointestinal,40,5,1,1.0,45.29,46.57
2025-11-15,inst-b,other,9,5,1,1.0,11.71,11.5
2025-11-15,inst-b,respiratory,22,5,1,1.0,23.0,22.79
2025-11-16,inst-b,fever_flu,32,6,1,1.0,28.29,27.64
2025-11-16,inst-b,gastrointestinal,47,6,1,1.0,44.14,46.71
2025-11-16,inst-b,other,12,6,1,1.0,11.29,11.5
2025-11-16,inst-b,respiratory,19,6,1,1.0,23.0,22.5
2025-11-17,inst-b,fever_flu,26,0,0,1.0,28.0,27.43
2025-11-17,inst-b,gastrointestinal,49,0,0,1.0,45.57,46.64
2025-11-17,inst-b,other,12,0,0,1.0,12.43,11.93
2025-11-17,inst-b,respiratory,22,0,0,1.0,22.86,22.43
2025-11-18,inst-b,fever_flu,26,1,0,1.0,28.43,27.79
2025-11-18,inst-b,gastrointestinal,43,1,0,1.0,44.43,46.14
2025-11-18,inst-b,other,7,1,0,1.0,11.86,11.71
2025-11-18,inst-b,respiratory,10,1,0,1.0,21.0,21.43
2025-11-19,inst-b,fever_flu,32,2,0,1.0,30.14,28.14
2025-11-19,inst-b,gastrointestinal,43,2,0,1.0,44.57,46.0
2025-11-19,inst-b,other,14,2,0,1.0,11.86,11.71
2025-11-19,inst-b,respiratory,21,2,0,1.0,20.0,21.5
2025-11-20,inst-b,fever_flu,25,3,0,1.0,29.43,27.86
2025-11-20,inst-b,gastrointestinal,45,3,0,1.0,44.29,46.36
2025-11-20,inst-b,other,9,3,0,1.0,11.14,11.36
2025-11-20,inst-b,respiratory,18,3,0,1.0,18.43,21.0
2025-11-21,inst-b,fever_flu,20,4,0,1.0,27.86,26.79
2025-11-21,inst-b,gastrointestinal,40,4,0,1.0,43.86,45.43
2025-11-21,inst-b,other,12,4,0,1.0,10.71,11.29
2025-11-21,inst-b,respiratory,21,4,0,1.0,19.0,20.93
2025-11-22,inst-b,fever_flu,29,5,1,1.0,27.14,27.0
2025-11-22,inst-b,gastrointestinal,39,5,1,1.0,43.71,44.5
2025-11-22,inst-b,other,8,5,1,1.0,10.57,11.14
2025-11-22,inst-b,respiratory,22,5,1,1.0,19.0,21.0
2025-11-23,inst-b,fever_flu,24,6,1,1.0,26.0,27.14
2025-11-23,inst-b,gastrointestinal,49,6,1,1.0,44.0,44.07
2025-11-23,inst-b,other,11,6,1,1.0,10.43,10.86
2025-11-23,inst-b,respiratory,21,6,1,1.0,19.29,21.14
2025-11-24,inst-b,fever_flu,24,0,0,1.0,25.71,26.86
2025-11-24,inst-b,gastrointestinal,44,0,0,1.0,43.29,44.43
2025-11-24,inst-b,other,8,0,0,1.0,9.86,11.14
2025-11-24,inst-b,respiratory,18,0,0,1.0,18.71,20.79
2025-11-25,inst-b,fever_flu,22,1,0,1.0,25.14,26.79
2025-11-25,inst-b,gastrointestinal,35,1,0,1.0,42.14,43.29
2025-11-25,inst-b,other,9,1,0,1.0,10.14,11.0
2025-11-25,inst-b,respiratory,19,1,0,1.0,20.0,20.5
2025-11-26,inst-b,fever_flu,24,2,0,1.0,24.0,27.07
2025-11-26,inst-b,gastrointestinal,42,2,0,1.0,42.0,43.29
2025-11-26,inst-b,other,11,2,0,1.0,9.71,10.79
2025-11-26,inst-b,respiratory,18,2,0,1.0,19.57,19.79
2025-11-27,inst-b,fever_flu,20,3,0,1.0,23.29,26.36
2025-11-27,inst-b,gastrointestinal,41,3,0,1.0,41.43,42.86
2025-11-27,inst-b,other,7,3,0,1.0,9.43,10.29
2025-11-27,inst-b,respiratory,23,3,0,1.0,20.29,19.36
2025-11-28,inst-b,fever_flu,21,4,0,1.0,23.43,25.64
2025-11-28,inst-b,gastrointestinal,42,4,0,1.0,41.71,42.79
2025-11-28,inst-b,other,6,4,0,1.0,8.57,9.64
2025-11-28,inst-b,respiratory,18,4,0,1.0,19.86,19.43
2025-11-29,inst-b,fever_flu,27,5,1,1.0,23.14,25.14
2025-11-29,inst-b,gastrointestinal,44,5,1,1.0,42.43,43.07
2025-11-29,inst-b,other,8,5,1,1.0,8.57,9.57
2025-11-29,inst-b,respiratory,17,5,1,1.0,19.14,19.07
2025-11-30,inst-b,fever_flu,24,6,1,1.0,23.14,24.57
2025-11-30,inst-b,gastrointestinal,38,6,1,1.0,40.86,42.43
2025-11-30,inst-b,other,7,6,1,1.0,8.0,9.21
2025-11-30,inst-b,respiratory,17,6,1,1.0,18.57,18.93
2025-12-01,inst-b,fever_flu,23,0,0,1.0,23.0,24.36
2025-12-01,inst-b,gastrointestinal,33,0,0,1.0,39.29,41.29
2025-12-01,inst-b,other,11,0,0,1.0,8.43,9.14
2025-12-01,inst-b,respiratory,22,0,0,1.0,19.14,18.93
2025-12-02,inst-b,fever_flu,26,1,0,1.0,23.57,24.36
2025-12-02,inst-b,gastrointestinal,60,1,0,1.0,42.86,42.5
2025-12-02,inst-b,other,7,1,0,1.0,8.14,9.14
2025-12-02,inst-b,respiratory,20,1,0,1.0,19.29,19.64
2025-12-03,inst-b,fever_flu,23,2,0,1.0,23.43,23.71
2025-12-03,inst-b,gastrointestinal,32,2,0,1.0,41.43,41.71
2025-12-03,inst-b,other,7,2,0,1.0,7.57,8.64
2025-12-03,inst-b,respiratory,18,2,0,1.0,19.29,19.43
2025-12-04,inst-b,fever_flu,24,3,0,1.0,24.0,23.64
2025-12-04,inst-b,gastrointestinal,41,3,0,1.0,41.43,41.43
2025-12-04,inst-b,other,8,3,0,1.0,7.71,8.57
2025-12-04,inst-b,respiratory,23,3,0,1.0,19.29,19.79
2025-12-05,inst-b,fever_flu,32,4,0,1.0,25.57,24.5
2025-12-05,inst-b,gastrointestinal,41,4,0,1.0,41.29,41.5
2025-12-05,inst-b,other,12,4,0,1.0,8.57,8.57
2025-12-05,inst-b,respiratory,26,4,0,1.0,20.43,20.14
2025-12-06,inst-b,fever_flu,25,5,1,1.0,25.29,24.21
2025-12-06,inst-b,gastrointestinal,44,5,1,1.0,41.29,41.86
2025-12-06,inst-b,other,4,5,1,1.0,8.0,8.29
2025-12-06,inst-b,respiratory,21,5,1,1.0,21.0,20.07
2025-12-07,inst-b,fever_flu,23,6,1,1.0,25.14,24.14
2025-12-07,inst-b,gastrointestinal,47,6,1,1.0,42.57,41.71
2025-12-07,inst-b,other,5,6,1,1.0,7.71,7.86
2025-12-07,inst-b,respiratory,18,6,1,1.0,21.14,19.86
2025-12-08,inst-b,fever_flu,30,0,0,1.0,26.14,24.57
2025-12-08,inst-b,gastrointestinal,53,0,0,1.0,45.43,42.36
2025-12-08,inst-b,other,9,0,0,1.0,7.43,7.93
2025-12-08,inst-b,respiratory,19,0,0,1.0,20.71,19.93
2025-12-09,inst-b,fever_flu,16,1,0,1.0,24.71,24.14
2025-12-09,inst-b,gastrointestinal,40,1,0,1.0,42.57,42.71
2025-12-09,inst-b,other,7,1,0,1.0,7.43,7.79
2025-12-09,inst-b,respiratory,23,1,0,1.0,21.14,20.21
2025-12-10,inst-b,fever_flu,22,2,0,1.0,24.57,24.0
2025-12-10,inst-b,gastrointestinal,40,2,0,1.0,43.71,42.57
2025-12-10,inst-b,other,8,2,0,1.0,7.57,7.57
2025-12-10,inst-b,respiratory,25,2,0,1.0,22.14,20.71
2025-12-11,inst-b,fever_flu,34,3,0,1.0,26.0,25.0
2025-12-11,inst-b,gastrointestinal,53,3,0,1.0,45.43,43.43
2025-12-11,inst-b,other,9,3,0,1.0,7.71,7.71
2025-12-11,inst-b,respiratory,27,3,0,1.0,22.71,21.0
2025-12-12,inst-b,fever_flu,30,4,0,1.0,25.71,25.64
2025-12-12,inst-b,gastrointestinal,33,4,0,1.0,44.29,42.79
2025-12-12,inst-b,other,6,4,0,1.0,6.86,7.71
2025-12-12,inst-b,respiratory,20,4,0,1.0,21.86,21.14
2025-12-13,inst-b,fever_flu,20,5,1,1.0,25.0,25.14
2025-12-13,inst-b,gastrointestinal,35,5,1,1.0,43.0,42.14
2025-12-13,inst-b,other,7,5,1,1.0,7.29,7.64
2025-12-13,inst-b,respiratory,19,5,1,1.0,21.57,21.29
2025-12-14,inst-b,fever_flu,20,6,1,1.0,24.57,24.86
2025-12-14,inst-b,gastrointestinal,38,6,1,1.0,41.71,42.14
2025-12-14,inst-b,other,11,6,1,1.0,8.14,7.93
2025-12-14,inst-b,respiratory,16,6,1,1.0,21.29,21.21
2025-12-15,inst-b,fever_flu,29,0,0,1.0,24.43,25.29
2025-12-15,inst-b,gastrointestinal,43,0,0,1.0,40.29,42.86
2025-12-15,inst-b,other,8,0,0,1.0,8.0,7.71
2025-12-15,inst-b,respiratory,14,0,0,1.0,20.57,20.64
2025-12-16,inst-b,fever_flu,28,1,0,1.0,26.14,25.43
2025-12-16,inst-b,gastrointestinal,40,1,0,1.0,40.29,41.43
2025-12-16,inst-b,other,10,1,0,1.0,8.43,7.93
2025-12-16,inst-b,respiratory,15,1,0,1.0,19.43,20.29
2025-12-17,inst-b,fever_flu,17,2,0,1.0,25.43,25.0
2025-12-17,inst-b,gastrointestinal,43,2,0,1.0,40.71,42.21
2025-12-17,inst-b,other,11,2,0,1.0,8.86,8.21
2025-12-17,inst-b,respiratory,16,2,0,1.0,18.14,20.14
2025-12-18,inst-b,fever_flu,19,3,0,1.0,23.29,24.64
2025-12-18,inst-b,gastrointestinal,40,3,0,1.0,38.86,42.14
2025-12-18,inst-b,other,7,3,0,1.0,8.57,8.14
2025-12-18,inst-b,respiratory,20,3,0,1.0,17.14,19.93
2025-12-19,inst-b,fever_flu,20,4,0,1.0,21.86,23.79
2025-12-19,inst-b,gastrointestinal,48,4,0,1.0,41.0,42.64
2025-12-19,inst-b,other,10,4,0,1.0,9.14,8.0
2025-12-19,inst-b,respiratory,20,4,0,1.0,17.14,19.5
2025-12-20,inst-b,fever_flu,22,5,1,1.0,22.14,23.57
2025-12-20,inst-b,gastrointestinal,36,5,1,1.0,41.14,42.07
2025-12-20,inst-b,other,6,5,1,1.0,9.0,8.14
2025-12-20,inst-b,respiratory,9,5,1,1.0,15.71,18.64
2025-12-21,inst-b,fever_flu,23,6,1,1.0,22.57,23.57
2025-12-21,inst-b,gastrointestinal,36,6,1,1.0,40.86,41.29
2025-12-21,inst-b,other,8,6,1,1.0,8.57,8.36
2025-12-21,inst-b,respiratory,14,6,1,1.0,15.43,18.36
2025-12-22,inst-b,fever_flu,20,0,0,1.0,21.29,22.86
2025-12-22,inst-b,gastrointestinal,28,0,0,1.0,38.71,39.5
2025-12-22,inst-b,other,10,0,0,1.0,8.86,8.43
2025-12-22,inst-b,respiratory,9,0,0,1.0,14.71,17.64
2025-12-23,inst-b,fever_flu,20,1,0,1.0,20.14,23.14
2025-12-23,inst-b,gastrointestinal,37,1,0,1.0,38.29,39.29
2025-12-23,inst-b,other,13,1,0,1.0,9.29,8.86
2025-12-23,inst-b,respiratory,7,1,0,1.0,13.57,16.5
2025-12-24,inst-b,fever_flu,22,2,0,1.0,20.86,23.14
2025-12-24,inst-b,gastrointestinal,41,2,0,1.0,38.0,39.36
2025-12-24,inst-b,other,3,2,0,1.0,8.14,8.5
2025-12-24,inst-b,respiratory,16,2,0,1.0,13.57,15.86
2025-12-25,inst-b,fever_flu,25,3,0,1.0,21.71,22.5
2025-12-25,inst-b,gastrointestinal,42,3,0,1.0,38.29,38.57
2025-12-25,inst-b,other,20,3,0,1.0,10.0,9.29
2025-12-25,inst-b,respiratory,21,3,0,1.0,13.71,15.43
2025-12-26,inst-b,fever_flu,21,4,0,1.0,21.86,21.86
2025-12-26,inst-b,gastrointestinal,50,4,0,1.0,38.57,39.79
2025-12-26,inst-b,other,10,4,0,1.0,10.0,9.57
2025-12-26,inst-b,respiratory,9,4,0,1.0,12.14,14.64
2025-12-27,inst-b,fever_flu,19,5,1,1.0,21.43,21.79
2025-12-27,inst-b,gastrointestinal,36,5,1,1.0,38.57,39.86
2025-12-27,inst-b,other,10,5,1,1.0,10.57,9.79
2025-12-27,inst-b,respiratory,17,5,1,1.0,13.29,14.5
2025-12-28,inst-b,fever_flu,20,6,1,1.0,21.0,21.79
2025-12-28,inst-b,gastrointestinal,43,6,1,1.0,39.57,40.21
2025-12-28,inst-b,other,5,6,1,1.0,10.14,9.36
2025-12-28,inst-b,respiratory,11,6,1,1.0,12.86,14.14
2025-12-29,inst-b,fever_flu,20,0,0,1.0,21.0,21.14
2025-12-29,inst-b,gastrointestinal,47,0,0,1.0,42.29,40.5
2025-12-29,inst-b,other,10,0,0,1.0,10.14,9.5
2025-12-29,inst-b,respiratory,16,0,0,1.0,13.86,14.29
2025-12-30,inst-b,fever_flu,25,1,0,1.0,21.71,20.93
2025-12-30,inst-b,gastrointestinal,43,1,0,1.0,43.14,40.71
2025-12-30,inst-b,other,14,1,0,1.0,10.29,9.79
2025-12-30,inst-b,respiratory,14,1,0,1.0,14.86,14.21
2025-12-31,inst-b,fever_flu,21,2,0,1.0,21.57,21.21
2025-12-31,inst-b,gastrointestinal,42,2,0,1.0,43.29,40.64
2025-12-31,inst-b,other,12,2,0,1.0,11.57,9.86
2025-12-31,inst-b,respiratory,16,2,0,1.0,14.86,14.21
